k__Bacteria|p__Firmicutes,k__Bacteria|p__Actinobacteria,k__Bacteria|p__Bacteroidetes,k__Archaea|p__Euryarchaeota,k__Bacteria|p__Verrucomicrobia,k__Bacteria|p__Proteobacteria,k__Viruses|p__Viruses_noname,Susciptability to SARS-CoV-2
33.65396,1.48287,58.57632,0,3.23918,3.03041,0,Low
48.08431,0.43421,45.25342,2.67492,0.57531,2.9694,0,Medium
63.24102,3.79846,15.79606,13.57102,0.02165,1.57318,1.99003,Medium
12.14594,0.05677,87.43333,0,0,0.36263,0.00132,Medium
67.29972,1.35406,29.47734,0.00825,0.21069,1.64616,0.00379,High
40.42264,7.92195,46.81557,0,0.21169,4.43533,0.16611,Medium
41.02753,1.06552,7.2388,0,0,49.68356,0,Low
41.09814,1.67987,52.7871,0,1.26836,3.15296,0.01224,Medium
9.93253,0.01375,81.89113,0,0,7.94564,0.02894,Medium
59.27833,2.6579,35.184,0.18965,0,2.69013,0,Low
40.49517,8.49231,48.91357,0,1.009,1.02671,0,High
49.03949,6.91521,24.48381,9.90775,8.85045,0.79585,0,Very High
26.80208,0.40723,42.91467,0,0,1.25144,27.43325,Medium
42.43542,13.21453,42.95348,0,0,1.35313,0,Medium
35.81712,5.05645,56.64731,0,1.83578,0.63802,0.00532,Low
85.29471,1.10605,7.15532,0,6.44391,0,0,Medium
25.42472,16.4789,51.32729,0,0,6.01419,0,Medium
12.28525,0.22808,83.60624,0,0,3.86931,0.01111,Medium
63.49825,6.3276,24.17736,4.3304,0.17014,1.49625,0,Medium
68.38725,6.82749,20.46315,3.92888,0.05726,0.33598,0,Very High
49.31778,10.15299,36.62339,0,2.02948,1.69962,0.13393,Very High
92.84615,3.08918,3.34288,0,0.00708,0.63576,0,Medium
76.83072,9.2936,8.97488,4.39486,0.15485,0.32478,0.02631,Very High
41.4657,0.7045,3.09311,0.9483,0,22.25749,0,Low
64.91616,12.90095,21.24884,0.04004,0,0.89401,0,Very High
39.09472,7.89053,48.94947,0,0,4.02835,0.03693,Medium
80.40773,7.27135,9.60837,0,0.01507,2.03515,0.00331,Medium
12.89416,2.24677,76.55306,0,0,1.61469,6.69132,Medium
13.70213,1.79296,82.88841,0,0,1.61387,0,High
60.38485,21.39679,14.58742,0,2.21418,1.41677,0,Very High
79.36116,3.28981,12.28163,1.72527,0.60658,1.89898,0.83387,Medium
35.77163,2.86419,54.32885,0,1.89522,5.14011,0,Medium
81.92882,13.85002,3.69234,0.00182,0.00501,0.52087,0,Medium
4.06706,0.22963,89.04716,0,0,6.65615,0,Medium
25.39065,0.41807,70.1393,0,3.52244,0.52856,0,Medium
1.05302,0.29679,0.0411,0.13146,0,0.39875,98.04892,Low
67.19251,0.01064,31.79814,0.34106,0.25428,0.40338,0,Very High
22.72845,2.54742,2.17597,0.88733,0.28555,62.47645,4.69789,Low
54.8714,1.35235,29.53191,0,7.69861,6.09403,0.00266,Medium
80.03306,7.21834,11.47814,0.95281,0,0.31766,0,Medium
12.96026,0.22431,85.16777,0,0.01089,1.62781,0.00895,Medium
62.77582,0.43992,33.14262,0,1.92263,1.7186,0,Medium
68.80189,22.75502,8.14545,0,0,0.2936,0,Very High
67.47535,29.79991,1.82697,0,0.00968,0.8844,0.0037,Very High
73.28175,20.37853,1.88681,0,4.12443,0.32848,0,Very High
34.97788,11.94841,50.00453,0.00164,0,3.06724,0,Medium
51.88238,11.41949,34.95755,0,0,1.72369,0.00685,Medium
80.27632,3.08844,12.6039,0,0,3.43027,0.59411,Medium
64.15787,1.5935,11.90481,0.67442,0,0.74336,0,Low
21.92445,4.71217,70.18733,0,0,3.14319,0.00862,Medium
15.85596,3.23769,53.68808,0,0,24.32949,0.88082,Medium
31.43197,6.19055,53.87364,0.00238,7.35425,1.12675,0.01717,Medium
60.32795,29.13925,10.12787,0,0,0.27775,0.12718,Very High
64.06859,5.91585,28.07806,0,0.89054,1.04697,0,Very High
82.15856,0.78011,0.52096,0,16.40237,0.08439,0.03772,Medium
22.10026,6.17638,68.96178,0,0,2.70316,0.05841,Medium
15.32814,0.70805,83.60373,0,0.10914,0.25094,0,Medium
38.86224,0.25034,59.12153,0,0,1.73082,0,Medium
31.72172,0.39924,64.00302,0,0.25616,3.61986,0,Medium
53.33157,1.05855,34.42785,0,8.97156,2.21046,0,Medium
7.56687,0.36307,29.30911,4.13835,57.43615,0.10424,1.0822,Low
56.20852,7.4633,32.35608,0,0,2.11788,1.85422,Medium
62.36661,7.07946,26.37969,0.11591,3.46381,0.59452,0,Very High
67.67463,27.49109,4.62024,0,0,0.20858,0,Very High
23.88638,0.10145,72.88682,0.00414,0.01327,3.1054,0.00177,Medium
71.93908,5.97903,21.0135,0,0.00435,1.05098,0.0065,Medium
24.52402,0.96858,69.90188,0,3.03953,1.33317,0.23281,High
65.30461,4.5337,21.25822,2.93919,4.94707,1.01721,0,Very High
62.36615,24.88764,12.59182,0,0,0.15439,0,Very High
30.12793,0.47211,66.79401,0,0,2.5908,0.00736,Medium
65.418,8.34798,24.53909,1.09379,0.07735,0.52379,0,Very High
16.03493,0.46158,80.0458,0,3.21757,0.2383,0,Medium
65.59741,3.66029,25.44441,0.00196,0.0065,5.28629,0.00315,Medium
83.11436,1.8975,12.25664,0.62363,0.19587,1.71976,0.19224,Medium
53.84089,6.63695,36.63444,0,0,2.72551,0,Medium
75.14881,7.00671,17.35494,0,0.02952,0.46001,0,Very High
78.27513,0.54812,20.99227,0,0,0.18448,0,Very High
43.89706,40.4191,15.01673,0,0.15749,0.50962,0,Very High
47.87278,3.23621,46.89789,0,0,1.99313,0,High
71.72094,0.71968,26.10697,0,0.07746,1.37204,0,Medium
77.26575,4.78643,15.71814,1.20142,0.41442,0.61384,0,Very High
58.69804,2.44126,37.17081,0,0.95426,0.73563,0,Very High
82.81833,11.46223,5.57929,0,0.00356,0.13659,0,Very High
65.62516,4.31795,28.29821,1.54386,0,0.18828,0.02653,Very High
63.92798,12.46988,19.44695,0,0.03478,4.10085,0,Medium
6.96228,0.08584,15.3005,0.00057,0,77.6508,0,Medium
65.00163,1.36798,30.58761,0,0,3.04074,0,Medium
11.7215,0.26796,71.86891,0,0,16.13961,0,Medium
63.72787,6.97206,10.64062,0,0,18.60872,0.02617,Medium
79.77082,5.98797,12.7264,0.94862,0.28527,0.27415,0,Very High
76.42501,12.29464,10.97648,0,0,0.30387,0,Very High
78.1329,16.32243,3.32482,0,0.87997,1.28977,0.03519,Medium
74.62705,11.55722,12.43173,0.86069,0,0.52156,0,Very High
31.37437,9.55522,13.56387,0.00949,0,45.49704,0,Medium
59.74205,17.48124,21.43813,0,0.95434,0.38425,0,Very High
67.02311,10.34806,11.71012,7.10555,3.03111,0.76202,0.01651,Very High
16.11446,0.16129,82.54661,0,1.00046,0.17522,0.00077,Medium
17.3172,7.9498,74.32813,0,0,0.40487,0,High
70.06864,9.64227,19.2728,0,0.01177,0.90866,0.09586,Very High
4.0819,0.0155,78.02939,0,0.0424,17.72876,0,Medium
44.51918,5.41313,39.48688,0,9.77496,0.58043,0.22543,Medium
19.7647,1.62367,73.42044,0,0.01179,5.1794,0,Medium
10.9674,6.00E-04,78.21556,0,6.28721,4.46814,0,Medium
23.93581,0.06046,75.04679,0,0.1332,0.82374,0,Medium
50.67722,3.58519,39.22348,0,0,6.26357,0.24614,High
75.32147,20.51999,1.74627,0,0,2.3012,0.10895,High
44.4768,6.38425,7.15841,0,18.36461,23.41414,0.20179,Low
33.61187,3.8372,55.06582,0,2.00561,5.4795,0,Medium
40.91989,16.69315,27.79268,0.00194,13.97237,0.61783,0.00213,Medium
35.20156,3.27547,55.81586,0.16343,0,5.54369,0,High
2.69009,0.03814,95.76355,0,0,1.50628,0.00194,Medium
70.65,3.90066,20.49321,0.58781,3.65773,0.71059,0,Very High
47.22957,25.06049,27.51735,0,0,0.1926,0,Very High
54.49174,30.02615,13.93401,0,1.36817,0.17993,0,Very High
9.52434,0.2598,87.93779,0,0,2.27579,9.00E-04,Medium
13.35558,0.19964,83.47625,0.23394,0,1.50914,0.87669,Medium
53.53993,0.9491,42.49417,0,0.48079,2.51941,0,Medium
79.95946,10.91229,8.85476,0,0,0.26965,0.00383,Very High
7.28085,0.02073,90.05177,0,0.17916,2.45717,0.00478,Medium
62.21086,21.9543,15.01438,0,0.09464,0.72582,0,Very High
41.35692,41.95044,14.57288,1.84121,0.00379,0.27476,0,Very High
15.71277,17.23306,64.15874,0,1.87202,1.02341,0,Medium
37.95761,0.9335,52.13001,0,0.03601,8.17663,0.76624,High
20.23758,0.48601,67.32368,0,0,11.95185,0.00088,High
55.62697,1.74495,42.54228,0,0,0.0858,0,Very High
57.07865,2.97224,35.96968,0,1.29842,2.68101,0,Very High
31.25782,1.2076,60.14491,0,0,2.01906,0,Medium
43.79881,26.70048,23.74339,0.02398,0.03391,5.69451,0.00491,High
31.36002,0.14836,64.32448,0,0,4.16714,0,High
67.81016,5.23226,26.32263,0.08787,0.00343,0.54365,0,Very High
42.61973,2.24844,53.24554,1.36282,0.00758,0.51102,0,Medium
47.25184,0.39572,47.87598,0,0.34427,3.69222,0.43998,Medium
62.44528,1.99952,25.06219,4.58645,1.72518,4.18002,0,Medium
48.41867,18.07778,20.99656,10.18554,2.22719,0.04211,0.05215,Very High
60.26716,0.41343,24.59869,0.36833,1.93486,7.8752,0.00658,Low
10.22683,0.06606,86.81911,0,0,2.87083,0.01716,Medium
63.81785,0.30908,35.78366,0.05133,0,0.03807,0,Very High
82.9887,3.90993,10.09698,0,2.91995,0.08444,0,Very High
83.79765,2.71602,12.15861,0,0,1.32772,0,Very High
79.49472,6.53415,12.71624,0,0.00308,1.25182,0,Medium
58.08322,23.35845,6.09981,12.0343,0.41929,0.00493,0,Very High
73.57601,7.54689,17.82603,0,0,0.7269,0,Medium
64.65388,12.2851,22.06005,0,0,0.98439,0.00978,Medium
72.92105,1.78481,16.7607,0,7.79216,0.70935,0.00558,Medium
56.64708,28.35128,5.97026,0,0,9.03138,0,Medium
61.11089,2.68962,34.65014,0,0.12507,1.39012,0.03417,Medium
31.29755,1.18882,61.03889,0,0,6.20447,0.12451,Medium
58.76455,22.70594,18.2857,0,0.00853,0.23528,0,Very High
81.11221,9.33535,9.27866,0,0.00582,0.20493,0.06302,Medium
48.26461,22.95301,3.28987,0,0,25.4267,0,Low
15.46979,1.18202,73.259,0,0,5.82887,4.26032,Medium
55.67346,25.03839,14.96693,0,3.95627,0.36495,0,Very High
11.07255,0.2253,84.026,0,0,4.66569,0.01045,Medium
40.76377,36.96069,18.99288,1.15264,1.4267,0.70332,0,Very High
61.5331,32.245,5.86732,0.02238,0,0.27118,0,Very High
66.70836,27.12299,5.47742,0,0,0.67121,0.02002,Very High
49.06557,4.39074,17.93988,11.81646,15.66777,1.0935,0.01873,Medium
77.54717,2.96403,17.5549,0,0.08058,1.85275,0,Medium
70.0075,8.18828,21.62009,0,0,0.18413,0,Very High
57.89332,11.2758,28.27775,0.01779,0,2.18667,0.34329,Medium
64.46905,5.75026,27.02011,0,0,2.52896,0.23162,Low
14.45853,0.97463,38.76017,0,0,45.74403,0,Medium
68.87705,2.65429,17.29737,0,10.57291,0.5927,0,Medium
11.39683,1.09996,79.44843,0.01385,5.51958,1.46411,1.05724,Low
49.13619,6.00431,35.66446,0,0.00175,9.16016,0,High
69.65296,11.23783,18.18145,0,0.1649,0.76286,0,Very High
71.30551,13.59813,11.84388,2.84063,0.07373,0.33033,0.0078,Very High
48.03728,2.93747,35.37491,3.40811,9.96494,0.27729,0,Very High
26.51278,0.21883,62.40009,0,1.16755,8.2864,1.40544,Medium
46.3038,9.5423,30.53648,0,11.72571,1.88053,0,Very High
80.70929,3.20022,8.26723,5.7526,0,2.05989,0,Low
49.43589,22.7516,27.59135,0.00224,0.08764,0.13129,0,Very High
53.82755,21.7006,23.83619,0,0,0.30127,0.3344,Very High
38.99095,0.8049,57.47852,0,0,2.17177,0,Medium
59.55398,6.32613,22.32364,0,0.88566,10.86865,0,High
79.15771,1.14465,19.26513,0.03388,0.03719,0.36145,0,Medium
62.27608,1.19861,7.25905,0,0.08169,29.09248,0.05399,Low
73.77346,9.14164,16.03121,0,0.74225,0.31145,0,Very High
29.03292,0.58068,64.9061,0,1.4019,3.80421,0.2595,High
28.7698,8.12705,60.5328,0,0.45236,2.11799,0,High
4.354,0.15577,95.08394,0,0.19384,0.21245,0,Medium
38.36488,48.53835,11.96083,0,0.00922,1.12671,0,Very High
63.95543,11.95588,22.63885,0,1.19575,0.25301,0,Very High
59.40039,33.49784,6.84177,0,0,0.26,0,Very High
21.15651,1.06437,70.72912,0,5.00779,2.04221,0,Medium
66.56636,10.66971,22.61781,0.01157,0,0.13455,0,Very High
61.73739,10.83617,26.37745,0.65905,0.00199,0.35995,0.02802,Very High
42.63863,25.53171,18.91629,11.96519,0.0988,0.84938,0,Very High
51.92714,0.06513,47.24344,0,0,0.74527,0,Medium
46.64172,1.07039,50.7226,0,0,1.45494,0.00331,Medium
34.11142,56.21858,9.2172,0,0.23834,0.21447,0,Very High
12.41049,0.9143,83.2597,0,0.01245,3.23284,0.11923,Medium
29.54226,0.37287,66.36341,0,0.32502,3.39644,0,Medium
35.36271,0.36509,45.98046,0.03498,6.49038,8.4287,0.34262,Medium
20.31384,14.04039,62.58748,0.27274,0,2.63847,0.14708,High
49.24086,4.09733,45.07025,0,0.00656,1.58453,0,Medium
45.21818,13.00982,32.80006,0,0,8.91387,0.00417,Medium
42.99299,36.87582,15.43163,1.94448,2.42915,0.29227,0.02799,Very High
65.344,2.41873,32.14964,0.00675,0.00329,0.07759,0,Medium
55.73538,13.89183,29.18616,0,0,1.18662,0,Very High
63.9298,7.12305,28.27982,0,0,0.66732,0,Very High
14.45321,0.48003,84.29453,0,0,0.77074,0,High
14.87839,0.3705,80.87191,0,0,3.33723,0.0029,Medium
45.8261,3.08352,12.72,12.60958,21.25673,4.33904,0,Medium
32.20198,16.47393,46.75167,0,3.06679,1.50564,0,Medium
44.30717,28.36194,8.49976,0,17.79021,1.04091,0,Very High
22.86235,0.52532,74.44837,0,0.65564,1.50831,0,Medium
46.3464,19.29767,34.18654,0,0,0.1694,0,Very High
69.92404,14.50169,13.02894,0,1.61455,0.93078,0,Very High
65.27805,0.27323,30.82719,0,0,2.601,0.90664,Medium
68.52007,2.60229,23.17719,0,3.5216,2.10744,0.05611,Medium
35.94693,48.1138,7.26896,0,8.22649,0.44383,0,Very High
68.35937,20.72065,8.76386,0,0.43596,1.70289,0.0159,Medium
14.78677,0.11016,76.80767,0,0.11614,8.17927,0,Medium
79.38339,2.50641,8.3299,0.79693,0,8.65344,0,Low
86.39097,8.86069,0.5754,0.1607,2.47218,1.50161,0,Medium
75.78711,1.20718,20.01727,0,0,2.98732,0,Medium
60.7188,1.88315,33.35482,0.00654,2.3262,1.71049,0,Medium
23.10313,1.49114,72.83374,0,0.05937,2.51262,0,Medium
14.80722,0.03859,79.07173,0,0,6.07767,0.00479,Medium
33.62334,1.65984,56.15985,0,4.52073,2.48212,0.0022,Medium
38.35013,0.27817,58.75018,0,0,2.62152,0,Medium
60.85221,4.69363,5.17511,2.46404,0,24.71341,0,Low
54.53293,27.36928,17.62005,0,0,0.47283,0,Very High
65.29399,2.32315,26.45086,1.95509,0.98841,2.80852,0.17072,Medium
40.44961,2.11094,30.82186,1.24887,0,24.58392,0.01328,Low
86.06705,0.5715,6.70378,0.03761,0,5.94478,0.17214,Low
12.77554,0.08208,84.15447,0,0,2.98791,0,Medium
77.1858,9.57356,13.15909,0,0,0.08155,0,Very High
51.50823,22.51284,25.01414,0,0.41023,0.54663,0.00794,Very High
65.76826,10.987,7.05229,4.26735,2.88856,3.19819,5.8336,Medium
68.47617,16.39775,14.99942,0,0,0.12666,0,Very High
48.36368,23.60323,25.15974,0.00127,0,2.87209,0,Very High
7.85984,0.25935,90.63036,0,0,0.70687,0,Medium
37.48757,22.64903,39.25768,0,0.14547,0.46024,0,Very High
20.75147,2.21447,3.08109,0,0,73.88025,0,Low
70.75945,1.25299,24.56865,0,0.03083,3.34762,0,Medium
36.23957,6.26108,49.08675,0,7.41627,0.99605,0.00028,High
21.03687,0.61843,76.40349,0,0,1.94005,0,High
61.95798,36.09984,1.67503,0.12637,0,0.14077,0,Very High
73.94178,19.58152,6.33746,0,0,0.13923,0,Very High
19.27315,3.08314,77.20093,0,0.03898,0.4038,0,Medium
58.0191,7.84206,26.06687,5.19013,0,2.86649,0,Very High
83.0213,6.11632,10.42015,0,0.08937,0.35285,0,Very High
58.20288,0.78354,40.31064,0,0,0.69994,0,Medium
51.85527,0.41556,42.98642,0,0,4.7284,0.01435,Medium
39.86786,0.42946,57.67581,0.312,1.25038,0.46263,0,Medium
82.58922,3.86298,13.28634,0,0,0.26146,0,Very High
63.86324,17.72246,5.646,11.14608,1.2057,0.41044,0,Very High
51.69662,17.09837,27.46783,3.11778,0,0.61941,0,Very High
54.33527,26.15964,18.60716,0,0,0.89206,0,Very High
40.25359,36.93635,22.35308,0,0,0.45697,0,Very High
69.46111,24.83423,5.47434,0,0,0.23031,0,Very High
57.69877,14.29078,25.72098,0,0.04457,2.23803,0,Very High
11.06611,0.57649,82.65868,0,0.09828,5.41905,0.18138,Medium
57.30841,11.31693,30.53059,0,0,0.84406,0,Very High
39.6137,3.9394,55.61188,0,0,0.82348,0.00724,Medium
62.53459,17.85567,19.08234,0,0.00447,0.52294,0,Very High
40.59251,0.66229,53.71359,0,0,4.97076,0.03489,Medium
40.14713,0.36165,55.79813,0,0,3.69309,0,Medium
59.78014,15.65277,24.36317,0,0.03578,0.16815,0,Very High
49.44037,0.84921,3.86015,0.18353,0,45.66674,0,Low
42.5204,0.39434,56.16413,0,0,0.91699,0,Medium
60.19629,0.43252,37.52008,0.7282,0,1.0929,0.03,Medium
74.15195,5.73202,11.67602,5.02558,2.91271,0.50151,0,Medium
29.21704,0.88905,66.36306,0,0.01104,3.5165,0.00331,Medium
90.14115,1.46395,4.15565,2.63875,0.07452,1.52245,0,Medium
56.26863,24.99553,15.53091,0,0,3.20493,0,Medium
56.67119,1.00478,27.46602,0.20478,0.01288,14.27183,0,Low
19.54415,60.70954,14.87836,4.83093,0,0.03704,0,Very High
66.86421,32.34919,0.13387,0.21672,0.31519,0.12081,0,Medium
26.32746,0.1009,49.3537,0,0,22.60481,0.01701,Medium
68.32508,11.106,17.51507,0,2.35326,0.70059,0,Very High
15.82997,0.00252,83.33375,0,0.03042,0.79177,0,Medium
66.60575,9.85767,20.3696,2.55011,0.40863,0.20823,0,Very High
19.08339,0.05331,79.82149,0,0,1.02952,0.01187,Medium
63.15124,25.50235,8.47972,2.31495,0,0.54879,0.00296,Very High
38.72579,0.03525,58.50689,0.58608,0,0.93171,1.20812,Medium
61.35059,0.11012,3.50166,0.48173,0,34.32857,0,Low
2.07933,0.13596,93.6185,0,0.00454,4.15896,0.00038,Medium
72.35864,16.98977,6.7103,3.09731,0.60606,0.23791,0,Medium
89.40678,9.17669,0.69715,0,0,0.71937,0,Medium
75.41609,0.84193,3.69763,0,19.84529,0.19905,0,Medium
21.05511,0.55222,76.86133,0,0.78107,0.75027,0,Medium
73.78002,16.6865,9.21561,0,0,0.31787,0,Very High
57.77937,3.13124,35.39632,0,0,3.58831,0.048,Medium
40.69815,1.98532,52.20848,0,0,2.87098,0.01373,Medium
5.1551,0.00033,94.83774,0,0,0.00684,0,Medium
35.73028,5.47171,56.99992,0,0,1.79808,0,Very High
55.9210526,0.6578947,36.622807,0,0,6.7982456,0,Medium
64.5761,2.07252,33.13617,0,0,0.1415,0.0737,Very High
63.39548,3.61202,10.0903,11.14726,9.79243,1.94569,0.00541,Medium
30.54451,10.00494,0.56908,0.50549,0,58.27701,0.04553,Low
47.97499,2.98218,33.37876,0,13.67979,1.97934,0,High
30.48177,15.83696,49.0054,0,0.02516,4.63189,0,Medium
36.98566,55.48644,6.49146,0.19617,0,0.59103,0.24925,Very High
66.34623,14.30365,18.79413,0,0.11801,0.43798,0,Very High
6.76495,0.02864,92.09215,0.00462,0.00204,1.1063,0,Medium
83.53237,1.47508,13.66815,0.38419,0.01211,0.92809,0,Medium
0,0,0,0,0,0,0,Medium
69.12243,5.54053,17.27609,1.34112,5.26503,1.4548,0,Very High
55.37931,0.19797,41.66184,0,0.0016,2.62655,0.00597,Medium
68.76249,11.84625,18.56356,0.65737,0,0.16448,0,Very High
29.60138,0.4187,55.14782,0,0,14.81984,0,Medium
63.56786,16.69622,18.3509,0.6249,0.08175,0.67838,0,Very High
51.36973,1.11062,41.92625,2.54114,2.24009,0.45837,0.3538,Medium
70.92168,6.09393,20.358,0,0,2.25588,0.00644,Medium
70.65014,0.69217,28.38104,0,0,0.25283,0.00599,Medium
59.56756,10.02621,24.87705,2.21809,2.37953,0.92342,0.00814,Very High
4.72801,1.12044,86.73406,0,5.86889,1.52054,0.02806,Medium
79.79752,8.61864,9.66043,0.78499,0.00612,1.1323,0,Very High
52.98428,19.58121,23.75891,3.21307,0.16898,0.29356,0,Very High
73.18791,11.37634,14.92336,0,0.25828,0.25412,0,Very High
29.0368,6.72529,35.97428,0,22.88969,2.63289,2.74106,High
64.90012,2.60129,15.54644,0,14.09741,2.84622,0,Medium
28.44606,58.21555,12.28457,0,0,1.05382,0,Very High
47.92939,0.31347,48.23584,0,0.41521,3.10609,0,Medium
38.79722,5.97818,52.80516,0,0,2.41944,0,High
58.17109,16.91897,15.49079,6.75991,2.12915,0.5301,0,Very High
26.88828,2.43768,68.14332,0.00525,0,0.93973,1.58574,Medium
64.06969,21.2348,12.81014,0,0,1.88484,0,Medium
60.72071,4.07192,3.79022,0,29.27258,2.14457,0,Medium
70.09195,4.64165,9.63936,7.80738,7.36521,0.45043,0,Very High
65.35351,2.57517,26.20039,1.90286,0.98719,2.83419,0.13668,Medium
18.92975,0.00222,80.89084,0.01807,0,0.14771,0.01142,Medium
40.98751,0.19771,50.02616,0,0,8.693,0.00164,Medium
17.04906,0.58821,77.78864,0,0,4.31613,0.13403,Medium
65.52952,8.10126,25.03783,0,1.23113,0.10027,0,Very High
14.59442,5.96585,75.14385,0,0,3.67917,0.03227,Medium
42.26304,5.3109,47.77751,0,3.23876,1.40978,0,Medium
63.95929,16.29602,18.00481,1.12028,0.46306,0.15654,0,Very High
55.96852,27.35781,16.47832,0,0,0.18932,0,Very High
70.84393,9.83099,1.33522,0,2.55211,0.24057,15.19393,Medium
54.28549,35.60069,9.85215,0,0,0.26166,0,Very High
69.07807,24.47596,1.72788,0.00265,0,4.65248,0,Low
74.50919,12.07537,13.15867,0.06004,0.02657,0.17016,0,Very High
6.24314,0.52765,92.83543,0,0.07346,0.26583,0.02687,Medium
45.74588,0.37218,45.15545,0,0.7931,7.93101,0,High
11.7144,0.28218,86.76681,0,0.00013,1.23599,0,High
27.68918,2.27995,55.81688,0.00271,1.6397,12.52002,0,Medium
38.21642,5.39944,55.60313,0,0,0.33893,0.44209,High
25.02477,0.60652,71.88536,0,1.02146,1.44995,0.01194,Medium
81.50958,14.88167,3.5821,0,0,0,0.02665,Very High
1.79937,0.22758,0.7904,0,0,3.05631,94.12503,Low
15.34069,0.15618,83.13144,0.02157,0.00906,0.24343,1.09763,Medium
30.68308,7.49192,2.13414,52.32082,0,3.03057,0,Low
47.31162,51.88997,0.78083,0,0,0.01759,0,Very High
25.92661,14.74484,55.33162,0,1.16044,2.71758,0.10774,Medium
48.33729,12.22894,34.14949,0,0.51168,4.71468,0.00104,Medium
37.29214,11.17054,50.67079,0,0.08728,0.76718,0.01206,Medium
54.18024,24.91664,9.6546,7.11452,3.47462,0.65237,0.007,Very High
10.95434,0.04233,85.7887,0,0,2.93813,0.2765,Medium
11.48538,0.07687,86.00267,0.05274,0.28382,2.09619,0.00097,Medium
40.07159,0.20518,58.40185,0,0,1.31565,0,Medium
73.43722,4.18192,21.52603,0,0.34354,0.51128,0,Very High
68.61782,5.82312,25.10743,0,0,0.45163,0,Very High
54.3904,2.35061,43.23556,0,0,0.02344,0,Very High
47.60084,11.46064,10.77325,7.69125,16.89242,5.33816,0.24344,Very High
15.25043,4.95905,77.74827,0,1.47465,0.56759,0,High
30.99445,0.53635,61.15768,0,7.11091,0.19553,0,High
70.08548,9.76336,11.04588,0,7.83647,1.26165,0,Medium
40.10718,0.53441,40.55968,0,0.4238,18.37493,0,High
46.90204,2.33594,18.16709,0.76181,0,31.81643,0,Medium
42.588,56.20278,1.1793,0,0,0.02992,0,Very High
53.27167,36.06654,10.46369,0,0,0.1981,0,Very High
59.28604,3.22377,35.53603,0,0.00136,1.9291,0.02281,Medium
48.24928,0.50635,37.31967,0.23217,0,13.51436,0.16403,Low
67.60645,7.33531,20.87624,1.38921,0.12794,2.64813,0.01243,Medium
37.94466,0.58962,60.1171,0,0,1.34862,0,High
24.6815,0.16757,65.54331,0,0,9.60762,0,Medium
29.39523,3.47811,51.79244,0,0,14.633,0.69519,Medium
34.47578,0.53348,59.42684,0,1.89329,3.65295,0.00973,Medium
57.44276,8.0325,19.26517,0,0,15.25957,0,Very High
71.13964,1.92844,24.15031,1.70326,0,1.07018,0.00193,Medium
72.3155,1.26583,11.01165,5.77752,8.73161,0.8535,0.04272,Medium
54.27629,3.87425,40.50957,0,0.396,0.94389,0,Medium
76.17431,16.96794,6.66122,0,0.12734,0.06919,0,Very High
62.20961,23.20416,12.96968,1.32286,0.19147,0.07562,0.017,Medium
46.08556,5.02401,45.1145,2.75036,0,1.02558,0,Very High
36.62207,21.52939,40.25463,0,0,1.58923,0.00468,Very High
29.38567,0.71344,62.85751,0,5.88159,1.15719,0.00254,Medium
49.03575,3.27916,46.10864,0,0.27405,0.87868,0.42372,Medium
3.92273,0.00437,94.14448,0,1.45529,0.47152,0,Medium
7.98426,0.71084,15.47424,0,0,75.81901,0,Medium
47.34278,4.99074,46.72927,0,0,0.93722,0,High
69.22725,2.80726,23.94217,1.88386,0.04884,1.80991,0.27798,Medium
4.41834,0.06554,91.48532,0,3.9272,0.10362,0,Medium
25.11266,5.0611,65.63486,0.00234,1.43877,2.20807,0.54221,Medium
10.30905,1.62337,85.33388,0,0,2.71874,0.01496,Medium
74.22966,13.4742,12.16951,0,0,0.11234,0.01429,Very High
69.22034,19.1791,10.94241,0.08249,0.47393,0.10173,0,Very High
45.79114,1.97754,49.16861,0,0,3.03693,0.02499,Medium
44.12855,0.85902,53.84043,0,0.01877,1.14867,0.00432,Medium
65.62695,27.56733,3.86068,0,2.68562,0.25943,0,Very High
62.56588,13.36057,19.81637,2.12657,1.67096,0.45966,0,Very High
63.08407,1.70424,34.90952,0,0,0.30216,0,Very High
56.5895,41.31687,1.9733,0,0,0.06547,0.05486,Very High
37.61174,0.47021,54.1747,0,5.59215,2.13887,0.00749,High
66.61465,10.9938,20.7042,1.24768,0.04578,0.39388,0,Very High
73.61672,2.41824,15.27377,0,0.01102,8.64181,0,Medium
71.04143,2.12982,22.54037,0.00481,0.00343,3.90578,0,Medium
46.74611,13.79319,38.84761,0,0.23782,0.37526,0,Very High
9.29449,0.21594,89.02966,0,1.23975,0.20012,0.02005,Medium
59.57738,4.30035,32.80246,0.47563,0,2.7826,0.05701,Medium
24.54607,1.33841,6.17956,0,0.00549,67.91188,0,Low
64.6945,15.52752,15.64581,0,1.99822,1.67601,0.45794,Very High
72.86843,11.513,15.25965,0.22415,0,0.13477,0,Very High
22.90812,1.7186,72.02058,0,2.66914,0.6482,0.03536,Medium
57.47868,22.08115,20.01494,0,0,0.42522,0,Very High
74.69128,21.43178,3.79495,0,0,0.08199,0,Very High
42.22077,0.75467,56.0225,0.50036,0.06685,0.33739,0.02296,Medium
58.02451,40.38183,1.12701,0,0,0.46665,0,Very High
32.23063,5.35423,49.30101,0.00922,0,12.09462,1.00472,Medium
56.10598,32.13823,5.00416,0.71896,5.96385,0.06882,0,Very High
67.81108,2.54758,24.8944,3.2496,0.1565,0.57555,0.76529,Medium
65.41671,4.61826,24.69418,0,4.4193,0.85155,0,Very High
23.21739,1.27301,49.58432,0,22.691,3.21655,0.01772,Medium
37.18219,37.64725,22.68061,0.34058,1.4568,0.69256,0,Very High
12.14382,1.97958,1.14133,0.36738,0,84.34699,0,Low
30.58939,1.94734,65.6693,0,0,1.69034,0.08467,Medium
41.2893,0.10443,48.6626,0,1.67711,0.75939,7.50717,High
52.00363,24.64069,21.03516,0,0,2.26402,0.05199,Medium
29.08769,0.00662,68.52491,0,0.0395,2.34128,0,Medium
56.17342,1.47751,38.81827,0,0,1.29316,0.01646,Medium
13.90674,0.30444,84.74163,0,0.00054,0.79206,0.25458,Medium
63.37863,19.7323,16.51434,0.00418,0,0.32592,0.02378,Very High
43.53634,1.45761,53.86139,0,0,0.99759,0.03364,Medium
61.28188,11.51866,24.12826,0,2.77547,0.29572,0,Very High
37.36523,0.28471,60.77969,0,0,1.57037,0,Medium
11.45343,1.02681,82.17653,0,0,5.31438,0.01589,Medium
53.46334,13.81624,30.51064,0,1.91587,0.2939,0,Very High
84.62581,5.46919,5.87376,0,3.46676,0.5569,0.00757,Medium
6.937,15.22807,63.51934,0,9.29544,3.00316,0,Medium
55.28988,32.13643,12.21891,0,0.13969,0.18713,0.02363,Very High
60.40888,17.8593,19.0141,0,2.48423,0.23349,0,Very High
7.80371,0.42415,54.52004,0,0.36206,36.87243,0.01762,High
30.7133,0.02527,39.15682,0,0,1.4615,0.13801,Medium
40.14663,39.11409,5.79077,11.20859,2.72755,1.01235,0,Very High
1.70617,0.04379,94.42916,0,0,3.82088,0,Medium
65.76634,12.57335,19.68561,0,1.33006,0.64464,0,Very High
44.57274,22.27377,20.69371,0,12.04433,0.41545,0,Very High
13.91875,0.09389,85.42684,0,0,0.55248,0.00804,Medium
69.85266,2.93829,21.91336,0.14362,2.81977,0.37162,1.96068,Very High
74.55814,5.14798,13.7785,3.94433,2.28433,0.28673,0,Very High
69.75102,0.28417,28.72939,0.12257,0.00419,1.10866,0,Medium
19.3573,19.95477,58.60957,0.01468,0.0308,1.93821,0.09117,Medium
15.28665,0.19628,2.39082,0,0,82.12625,0,Low
28.71816,0.90204,59.41724,0,8.97734,1.96878,0,High
41.76111,7.01315,4.51961,24.82851,0,16.0791,0.05612,Low
11.4408,2.25612,80.97884,0,0,5.2857,0.0179,Medium
72.18273,7.57545,19.34673,0,0.43149,0.45202,0,Medium
81.23113,13.40964,0.39924,0,0.07206,4.88793,0,Medium
60.9946,3.30741,34.43544,0,0.02981,1.19346,0,Medium
9.54143,0.04454,89.97738,0,0,0.35789,0.00097,Medium
80.40032,2.45251,14.46686,1.31648,1.01241,0.32014,0,Low
14.35368,0.37047,83.74816,0,0.64919,0.87849,0,High
54.1922,2.18023,40.17938,0.00747,0.19852,3.22925,0.01041,Medium
3.79393,0.11516,90.61555,0,0,5.41102,0.06434,Medium
39.73107,2.02933,57.35567,0,0,0.81956,0.04384,Medium
64.48611,12.0896,20.6853,0,2.48532,0.25368,0,Very High
74.05829,2.63256,22.06419,0,0.81014,0.42816,0,Medium
90.90195,7.16773,1.5462,0.2076,0.00784,0.13874,0.02493,Medium
63.273,26.76704,9.65873,0,0.01025,0.29098,0,Very High
66.00854,14.71921,17.37654,0,1.48267,0.36649,0.04656,Very High
55.20456,36.52724,0.72344,0,6.96387,0.58088,0,Medium
28.56591,0.19315,68.29877,0,0,2.92848,0,Medium
54.99377,16.80055,21.59815,3.77633,1.01565,1.77339,0.01251,Very High
66.66569,2.68118,26.87784,0.0352,0.00215,3.70104,0.01899,Medium
5.42556,13.94225,65.50825,0,0,15.09845,0.02549,High
59.24217,32.77983,6.86974,0.003,0,0.33549,0.76976,Medium
61.68725,24.93321,12.91282,0,0.00063,0.46608,0,Very High
35.05161,3.94434,44.39193,0,4.03128,12.58084,0,Medium
42.19372,43.97523,8.24924,5.29623,0.0994,0.18619,0,Very High
29.76664,7.42903,46.39813,0.06943,13.17749,3.15928,0,High
50.70022,2.20964,5.43841,1.37799,0,38.56645,0.44821,Low
0.28367,0.01118,0.71201,0,0.01346,98.97968,0,Medium
46.8984,41.35041,5.20832,6.42238,0,0.1205,0,Very High
62.07095,28.04746,9.76715,0,0,0.11083,0.00361,Very High
54.03215,9.18114,35.52387,0.35966,0.5992,0.30228,0.00171,Very High
16.52734,0.12665,78.70528,0,0,4.00585,0.10729,Medium
6.63336,0.33647,92.50669,0,0,0.52241,0,Medium
36.32727,0.50693,2.60522,0.02583,0,17.4876,42.92254,Low
51.18203,3.17307,43.38348,0,0,2.23112,0,Medium
33.42508,0.78258,64.72959,0.34373,0,0.69326,0.02042,Medium
3.9889,0.11105,95.28808,0,0.05987,0.5521,0,Medium
17.35682,0.16944,79.83818,0,0,2.62829,0,Medium
44.67264,14.03005,20.79023,6.61912,13.36583,0.50593,0.01619,Very High
86.90139,1.53293,10.57144,0,0.02716,0.75807,0.19074,Medium
59.98354,0.02133,37.06741,0,2.32106,0.43612,0.17054,High
70.74552,2.30366,25.2187,0,0.00264,0.62221,0,Medium
30.09949,62.39921,6.00024,0,0,1.21193,0.28913,Very High
49.01905,18.01805,27.64841,0,5.18014,0.13435,0,Very High
79.72764,0.55913,18.21354,0,0,0.5682,0.00589,Medium
18.29789,0.88583,77.34238,0,0,3.1833,0,Medium
31.83821,7.25056,58.17451,0.12613,0,2.36027,0.24847,High
6.47775,0.2043,93.20957,0,0.06525,0.04193,0,Medium
48.97553,2.61612,9.94753,2.96421,0,35.31082,0,Low
63.72238,11.29971,24.11437,0,0,0.86354,0,Very High
37.74521,0.3032,61.56841,0,0,0.38317,0,Medium
43.82546,30.86371,0.58093,2.04483,0,22.66536,0,Low
50.67331,13.3199,20.64818,0,0,15.22272,0.12789,Medium
72.13429,9.59973,16.71238,0.11292,0,1.42943,0,Medium
55.48189,1.55054,38.77165,1.76791,1.19584,1.01498,0.21719,Medium
34.36624,20.99992,43.03236,0,0.85887,0.74261,0,High
25.5321,0.47294,73.73269,0,0.00038,0.24998,0,High
34.78262,0.07507,62.33089,0,0.017,2.79442,0,Medium
65.77136,1.75949,30.28097,0,1.46827,0.66244,0.05748,Very High
18.6159,0.5092,79.13372,0.07904,0,1.66215,0,Medium
70.2646,0.8545,27.57443,1.18953,0.00671,0.09047,0,Medium
39.94589,16.14998,21.90779,0,0,21.99635,0,Low
75.45213,0.23525,20.65035,0,0,2.04152,1.62075,Low
57.2167,0.71863,40.75159,0,0.4232,0.88873,0,Medium
74.18839,1.40666,24.15488,0,0,0.25006,0,Very High
43.93034,1.68158,52.96171,0,0.00271,1.38775,0,Medium
71.73817,18.09624,9.93331,0.00555,0,0.17337,0.05337,Very High
4.19526,0.04137,95.22172,0,0.00208,0.53277,0.00515,Medium
11.32563,1.39417,86.626,0,0,0.63886,0.01534,High
43.88604,0.45862,49.21592,0.003,0,6.28613,0.1503,Low
18.45879,67.6246,11.97659,0,0,1.94002,0,High
65.99329,24.74382,9.0111,0,0,0.25179,0,Very High
54.05646,30.95297,14.46684,0,0,0.52372,0,Very High
71.9599,26.42845,1.50153,0,0.08028,0.02983,0,Very High
68.08631,9.92304,21.41705,0,0.06362,0.50227,0.0034,Medium
44.72124,0.53178,53.91183,0,0.54844,0.28542,0,Medium
51.12079,5.7782,42.56622,0,0.00777,0.48683,0.04021,Medium
28.70221,14.14913,40.46214,0,0,16.67357,0.01295,High
39.09495,3.87673,56.04403,0,0,0.98428,0,Medium
74.4438,0.44318,20.16051,0,0,3.4024,0.00873,Medium
69.22564,5.66688,22.02303,0.94215,1.76625,0.37027,0,Medium
41.31107,1.90545,55.11154,0,0.12814,1.53622,0.00564,High
64.33356,28.90213,4.35749,0,1.5526,0.02494,0.82928,Very High
24.97389,0.2588,57.24851,0,0.00016,12.80458,0.01261,Medium
50.95492,19.20677,21.96269,7.26146,0,0.61417,0,Very High
34.98095,0.69237,54.88529,0.0041,6.90114,2.52821,0,Medium
45.83037,25.19962,27.05208,0.36923,0.02458,1.3119,0.21223,Very High
62.93839,8.31049,20.85551,0.0827,0,7.74515,0,Low
46.36795,10.50812,41.14602,0,0.64604,1.32101,0.01087,High
51.84406,36.22834,11.12938,0,0,0.73286,0.06537,Very High
60.26093,15.59704,21.6996,0,0.93816,1.50426,0,Very High
56.41031,0.4926,27.9131,0.64822,0,1.8402,0,Low
57.84787,24.1719,16.12484,1.53239,0,0.28164,0.04136,Very High
51.28291,35.1396,0,0,0.10087,13.47663,0,Medium
67.1079,6.71264,23.60573,0,2.23076,0.34297,0,Very High
63.49138,12.90141,18.10415,4.92845,0.03836,0.53625,0,Very High
22.47647,1.02291,64.66978,0,1.41282,8.92653,1.48057,Medium
72.95017,14.86351,11.17036,0.85572,0.05933,0.10092,0,Very High
89.36843,2.10158,6.64271,0,1.51888,0.36081,0.0076,Medium
58.14722,9.0802,31.79678,0,0.45082,0.52497,0,Very High
52.02734,8.11323,29.11606,4.39134,5.8448,0.50723,0,Very High
27.23111,61.89856,10.28405,0.17372,0.09196,0.32059,0,Very High
49.13224,10.68971,40.01042,0,0,0.16764,0,Very High
66.49822,12.47739,20.67602,0,0,0.34837,0,Very High
55.9934,36.78111,7.10701,0,0,0.11848,0,Very High
60.34268,11.88357,19.62716,0,6.08322,1.979,0,Medium
75.22047,0.63783,8.95373,6.90168,6.32827,1.87482,0.07433,Medium
28.61115,1.81948,2.40175,6.37363,60.06881,0.72519,0,Medium
72.95025,13.77105,8.00714,0,0,5.26121,0,Low
44.63259,3.44808,51.5092,0,0.00615,0.38526,0,Low
75.84432,5.68565,15.30024,1.66602,0.00174,1.50203,0,Medium
3.58085,0.09356,94.86467,0,0,1.46092,0,Medium
44.34318,15.3234,39.32275,0,0.06614,0.87268,0.07185,High
67.8121,2.41025,1.75292,0.01649,0,27.96676,0.02191,Low
74.09284,11.02007,14.5044,0,0,0.38269,0,Very High
72.45109,0.55395,15.99341,4.33076,3.70763,2.95581,0,Medium
75.14032,2.55919,16.86492,0,0.01352,0.99953,4.42238,Medium
62.69622,3.11277,4.24829,0.35514,0,26.20285,0.01926,Low
85.57559,6.74548,3.1417,0,4.43947,0.09777,0,Medium
46.35307,16.48117,31.57873,0.87139,3.65809,1.05755,0,Very High
63.95133,19.40586,16.54435,0,0,0.09846,0,Very High
46.46951,31.46582,20.63,0.06201,0,1.37266,0,Very High
67.74582,17.77348,13.06785,1.02199,0.00019,0.39067,0,Medium
74.77246,1.6883,23.20295,0,0,0.31393,0.01861,Medium
30.04599,6.24546,59.21607,0,0.00844,4.46417,0.01986,Medium
54.09064,11.49765,32.10038,0.00477,0,2.30656,0,Very High
27.3682,3.81788,65.45092,0.99417,0.6692,1.69742,0,High
67.67742,14.42398,17.33262,0,0,0.56287,0.0031,Medium
2.11216,0.00976,97.07905,0,0,0.71023,0.08881,Medium
55.32606,12.68923,30.96462,0,0,1.01587,0,Medium
64.93378,0.22803,33.03592,0,0,1.80227,0,Low
43.9149,1.35333,50.20788,0,0.00152,4.52238,0,Medium
36.24806,3.64667,50.41693,0,0.00172,9.68662,0,Medium
88.90058,5.10425,5.22919,0,0,0.76597,0,Medium
73.57185,0.52473,12.57805,9.31615,0.36801,3.59071,0,Medium
19.55377,0.05395,77.18623,0.03379,0.01849,3.15378,0,Medium
32.77799,0.75421,56.41318,0,7.40814,2.64648,0,High
75.48919,9.19307,14.52223,0,0,0.74813,0.04738,Very High
56.55803,25.35192,17.59745,0,0.09719,0.38341,0.012,Very High
33.73084,44.68041,21.37775,0,0.00423,0.20678,0,Very High
24.61977,3.10129,68.1446,0.13204,1.9062,0.44266,1.65345,Medium
6.21585,0.03142,90.65724,0,1.91557,1.17489,0.00503,Medium
65.87821,18.0692,13.11012,0,2.11235,0.83012,0,Very High
26.85792,1.3247,71.03006,0.00634,0.14395,0.62571,0.00989,Medium
14.41483,6.08363,0.66757,6.17815,0,41.03368,27.76183,Low
2.52985,0.03255,95.46961,0,0,1.968,0,Medium
62.14373,17.10958,18.71054,0,1.47685,0.55455,0,Very High
72.6404,10.37762,16.0855,0.03026,0,0.86621,0,Very High
47.88445,2.54259,44.58719,0,0,4.9786,0,Medium
68.84296,0.81114,25.22701,1.94998,0.09937,3.06752,0,Medium
35.15564,13.08068,20.74288,0,30.53467,0.48168,0,Very High
39.69577,5.60263,54.21357,0,0,0.47905,0.00898,Very High
66.80537,4.25606,16.79409,0,8.76386,3.38062,0,Medium
72.0209,23.28983,4.40553,0,0,0.24828,0,Very High
45.14485,36.43115,17.71812,0,0,0.70587,0,Very High
38.82686,6.91109,51.10941,0,0.11991,3.03273,0,Very High
42.25148,1.56782,37.89065,0.11907,0.05136,12.51405,5.60558,Medium
20.72656,1.84651,74.50709,0.06486,0.59301,2.25833,0.00065,High
5.88081,3.08247,89.54033,0,0,0.97252,0.52387,Medium
70.60486,0.03752,27.11644,0.34512,0,1.89606,0,Low
70.87451,12.40279,16.02082,0,0.09585,0.60603,0,Very High
57.02806,10.03552,30.59457,0,1.61792,0.72393,0,Very High
83.81618,0.63839,4.43711,0.11009,0,10.99824,0,Low
74.59017,22.62418,0.75816,0,1.64312,0.07585,0.30852,Medium
86.17569,0.86049,8.46668,0.15024,0,0.71938,0.0278,Low
37.8815081,0,1.6157989,0,0,60.502693,0,Medium
51.76099,0.3636,28.15774,0,0.37312,19.34454,0,Low
62.48204,4.35141,30.73976,0,0.26969,2.14823,0.0022,High
40.01532,3.78326,54.25766,0,1.06022,0.85968,0.01984,Medium
1.14849,0.38746,98.01621,0,0,0.44678,0.00105,Medium
73.88873,4.52793,20.48327,0.41791,0.33927,0.243,0.09102,Very High
37.71007,0.61995,59.4279,0,0,1.87798,0.00555,Medium
60.7899,1.16686,32.93766,0.01523,4.72209,0.36827,0,Medium
44.65733,5.14431,48.87162,0,0.14381,1.1584,0,Very High
19.57041,8.26272,65.38196,0,5.43608,0.40615,0.94267,Very High
69.42541,13.24077,14.30163,0.05281,2.54142,0.43795,0,Very High
75.22849,0.63486,18.94474,3.99488,0.00061,1.1913,0.00513,Medium
30.21691,0.06354,65.88477,0,0,2.44526,1.38501,Medium
7.8302,0.21954,90.57551,0,0,1.37475,0,Medium
2.07295,0,96.83555,0,0,1.09149,0,Medium
65.95003,5.32871,5.9908,14.53265,5.72928,2.42572,0.00663,Medium
18.70409,0.20975,80.35584,0,0.00902,0.71689,0.00441,Medium
60.87644,11.92676,26.0019,0,0.51715,0.67776,0,Very High
83.10698,3.32046,5.69689,0,0.44461,0.61293,6.81813,Medium
11.8002,0.07504,86.96165,0,0,1.14826,0.01485,Medium
57.89752,13.33339,26.66855,1.42352,0,0.67701,0,Very High
76.29479,7.93618,14.63837,0.31543,0.63916,0.16975,0,Medium
58.99723,4.78939,30.42952,0,0,5.78386,0,Very High
14.58655,5.83363,70.69513,0,0.00358,8.88111,0,Medium
56.45966,20.4419,22.61422,0,0.15045,0.33377,0,Very High
4.64972,0.00543,91.04639,0,0,2.6579,0.04395,Medium
54.21683,5.31197,37.54743,0,0,2.92216,0,High
37.10004,0.99711,55.34083,0.21471,1.53804,4.80927,0,Medium
79.25547,12.57949,7.46851,0,0.45537,0.24117,0,Very High
12.25297,2.09668,53.48414,0,29.58413,1.55038,0.02574,Medium
25.39998,0.24642,73.60521,0.15291,0.01302,0.52265,0.0598,Medium
72.41674,6.75245,15.60476,3.88448,1.01541,0.32617,0,Very High
37.1562,39.65082,22.63175,0,0,0.56123,0,Very High
51.6821,11.26543,36.66987,0,0.14752,0.23509,0,Very High
84.28791,3.8011,3.02427,0.03442,0,6.46726,0.05641,Low
59.45194,2.14801,7.23367,4.66838,0,9.86892,8.75045,Low
49.36597,29.01178,8.76096,1.58768,0.01232,10.93864,0.05536,Low
18.13127,0.03899,80.27349,0,0,1.53384,0.02241,Medium
30.99132,16.38637,36.13003,0,0,16.49228,0,Low
55.373,8.45997,33.26885,0,0,2.8954,0,Medium
25.35025,0.6764,67.66998,0.00454,5.82502,0.4738,0,Medium
41.75145,24.95098,28.15241,0,3.47773,1.11156,0.55588,Very High
42.52812,1.23757,53.28501,0.64149,0.9415,1.22257,0.12382,Medium
32.56532,57.1127,8.38483,0,1.33343,0.43171,0.17201,Very High
74.58422,3.94094,21.08913,0.00684,0.032,0.34687,0,Very High
63.11905,13.39838,16.52389,3.97901,2.09376,0.72845,0.15747,Very High
65.81895,4.7323,18.31174,0,8.95269,2.18432,0,Medium
70.85889,18.31531,5.92539,0.3698,0,3.88564,0.48649,Low
15.20129,0.31384,83.88619,0.05495,0.00329,0.53708,0.00338,Medium
61.23816,14.35239,23.39673,0.61409,0,0.39864,0,Very High
11.52659,0.08518,87.99725,0,0.16736,0.22363,0,Medium
94.51857,0.16642,2.95105,0,2.36396,0,0,Medium
22.39225,0.66075,53.45179,0,0.05027,23.39542,0.04951,Medium
26.18723,0.14134,72.32848,0.1099,0.74936,0.47837,0,Medium
77.91128,3.76583,16.82589,0.59936,0.20956,0.68808,0,Very High
56.717,35.21536,7.8944,0,0,0.17324,0,Very High
58.57023,1.65048,37.88162,0.05889,0.02148,1.8072,0,Medium
65.92508,4.86678,26.98991,0,0.00128,2.21664,0,Very High
74.50281,8.66288,16.31703,0,0,0.28565,0.23162,Very High
48.93215,0.65178,47.16935,0.00608,0.00718,3.23345,0,Medium
61.39293,20.67509,17.18656,0.01455,0.0019,0.72897,0,Very High
22.0655,0.51084,61.18049,0.0029,0.08856,15.24257,0.9064,Medium
78.46945,3.88214,16.78497,0.09898,0.00811,0.75635,0,Medium
78.37531,3.95149,16.97124,0,0,0.70195,0,Very High
78.89894,3.96441,10.41028,0,6.02242,0.6806,0.01613,Low
35.53037,7.9955,49.7219,0,5.84904,0.89377,0.00409,High
64.92163,11.40791,22.19286,0,0.00419,1.4734,0,Very High
68.61337,5.4302,12.75175,9.84077,0.08579,3.26824,0,Medium
68.34761,8.77353,18.20816,0,0,4.6707,0,Medium
32.07688,60.24918,6.80494,0,0,0.86901,0,Very High
41.17461,16.47825,28.01335,11.49147,1.92329,0.91903,0,Very High
40.64321,0.51032,56.02504,0,0.63165,0.52142,1.66835,Medium
74.13639,11.18957,12.38119,1.46084,0.00202,0.82675,0,Medium
66.75269,28.87259,1.9373,0,0.79668,1.54411,0.09664,Medium
59.62285,0.15043,29.97379,0.00113,0.71563,2.07861,7.45479,Medium
73.54366,12.4903,13.42416,0.21892,0,0.32297,0,Very High
36.66026,0.41255,60.35737,0,0,1.90203,0.23822,Medium
55.76909,34.51431,9.2724,0,0,0.4442,0,Very High
29.64032,29.76227,38.38883,0,0,2.12448,0.0841,Very High
72.13962,1.67073,23.00184,0,2.79016,0.39441,0,Very High
24.87523,0.55047,69.92448,0,0,2.07463,0,Medium
69.80561,3.82369,24.3367,0,0,2.01451,0.01071,Medium
44.76005,29.27493,19.86148,5.52697,0.24484,0.33173,0,Very High
15.2432,0.8625,81.87277,0,0.19405,1.82748,0,Medium
49.4688,9.49166,32.61618,0,4.86442,3.47337,0.08557,Medium
80.02846,2.89176,15.65861,0.07462,0.34789,0.99866,0,Very High
25.0359,12.43347,11.96555,0.13246,0,50.21001,0,Low
34.78373,2.30639,24.39202,0,0,38.51213,0,Medium
6.93453,0.10288,92.06658,0,0,0.896,0,Medium
6.96938,0.01564,92.49655,0,0.21506,0.30336,0,Medium
8.63634,0.15608,80.348,0,0.22301,10.63657,0,Medium
85.77503,6.43706,7.68116,0,0,0.10675,0,Very High
28.54666,2.05748,62.36386,0,0.00632,6.86757,0,Medium
54.3558,26.64191,16.60944,0,0,2.11601,0.24009,Medium
62.63956,5.24371,26.19201,3.86001,1.46138,0.57305,0.01287,Medium
63.51525,20.11108,9.78984,0,5.80763,0.71649,0.04459,Very High
86.34672,3.45738,5.67202,3.99146,0.03075,0.50166,0,Medium
72.73116,17.245,10.00415,0,0,0.01969,0,Very High
24.01043,1.90092,60.21573,0,0.00052,1.12887,12.74354,Low
24.66682,0.80193,65.27345,0,5.97896,3.2709,0.00793,High
70.60122,13.27121,14.64717,0.4189,0.00521,1.0159,0.0286,Very High
34.40111,6.74812,1.83574,0,0,57.0012,0.00821,Medium
77.36505,4.55158,10.72644,5.48985,0,1.86708,0,Very High
68.1848,3.80286,24.26986,3.40524,0.1025,0.23474,0,Very High
59.13964,3.10676,31.55662,0.38684,0,5.81014,0,Low
64.43543,32.56257,2.24595,0.43326,0.01132,0.31148,0,Very High
23.04312,0.35684,75.89393,0,0,0.70611,0,Medium
45.86032,2.87266,44.69859,0,4.3177,1.84761,0.40312,Very High
46.64579,17.65493,35.06235,0,0.03272,0.563,0.03791,Medium
79.35973,5.66579,14.6201,0.19756,0,0.15681,0,Very High
76.05888,6.33911,5.34668,8.03286,3.66176,0.56071,0,Very High
75.92386,13.86182,9.00555,0,0.75247,0.43941,0,Medium
53.53819,0.77679,38.95781,0.06026,5.71121,0.95574,0,Medium
59.50233,0.08758,39.61916,0.0407,0,0.74578,0,Medium
25.18495,1.87172,59.47131,0,0.00433,8.33459,0,Medium
12.64857,8.63355,0.61006,14.606,0,60.76411,0.03861,Low
65.1371,11.31646,17.38592,3.31237,0.69608,1.27772,0.86544,Medium
30.29631,1.68397,65.00475,0,2.66451,0.35046,0,Medium
58.77888,19.51689,18.91162,0,0.03677,1.83958,0.90894,Very High
67.5928,5.42285,2.1518,8.02592,0.32995,9.15546,0,Low
77.51294,13.13937,9.23893,0,0,0.10876,0,Very High
47.50081,6.92015,45.30522,0,0,0.26698,0,Very High
43.69592,9.03111,46.81473,0,0,0.29769,0.16055,Very High
18.44315,0.62407,76.48672,0.25843,0,4.18636,0.00127,High
82.4983,6.29445,10.44098,0,0.03474,0.73153,0,Very High
64.40873,1.38374,21.12821,4.83189,7.26709,0.98034,0,Very High
82.36168,2.56351,12.57426,0.818,0.01099,1.66509,0,Medium
37.88121,0.6934,57.01497,0,0,4.34978,0,Medium
37.04279,0.52914,50.28437,0,9.46957,2.66301,0,High
20.40849,2.29977,70.37263,0,0,6.60416,0.01049,Medium
17.53493,74.45812,0.35909,0,0.01482,7.57699,0,Medium
78.29233,2.11345,16.95266,0.23364,0,2.40792,0,Low
39.65832,31.97471,23.95184,0,2.62469,0.32182,1.46862,Very High
44.88283,2.26214,46.69705,0,2.11622,3.4041,0.62055,Medium
42.84861,0.10203,54.56127,0,0,1.21513,0,Medium
66.17749,11.16343,21.97468,0,0.00302,0.6773,0,Very High
31.36455,0.5197,66.4948,0,0,1.62095,0,High
23.0387,45.8389,25.02599,0,0,6.08933,0,High
19.4457,0.61144,79.04878,0,0,0.89407,0,High
36.22995,1.61998,37.06022,0,0,24.14033,0.78539,Low
67.71947,18.29122,13.39501,0,0.02503,0.56927,0,Very High
38.65714,37.40251,23.7614,0,0,0.17896,0,Very High
42.89603,32.35578,19.37968,0,2.99499,2.37352,0,Very High
64.05606,7.65931,27.94709,0,0,0.33754,0,Very High
68.36022,0.95891,6.95801,1.92034,0,7.69569,0,Low
29.64743,0.54089,65.81958,0.35393,0,2.66578,0.96899,Medium
86.0067,1.01483,9.79242,1.40696,0.04133,1.72418,0.01359,Medium
35.29358,4.88531,52.68814,0,0.01185,7.12112,0,Medium
30.81163,1.17286,30.42237,2.7641,0,7.49448,0,Low
1.04796,0.0197,90.51335,0,0,8.40501,0.01398,Medium
26.88538,3.46141,68.29209,0,0,1.35655,0,Medium
46.32882,20.20206,32.85361,0,0,0.61551,0,Very High
68.71677,6.23919,14.05586,6.9607,2.20279,1.79836,0.02405,Medium
34.03534,1.42307,63.7245,0,0,0.80576,0,High
50.95672,10.75686,23.87085,0.00458,12.89033,1.52065,0,Very High
61.8351,18.07219,15.60691,2.58956,1.34072,0.55551,0,Very High
64.91224,0.49144,17.36414,1.3208,0.00206,10.34965,5.54905,Medium
56.02654,2.70804,39.7642,0.52678,0.00936,0.64794,0.30337,Medium
87.40749,3.91657,7.38633,0,0.02679,0.44716,0.81566,Medium
61.52216,22.39638,13.93634,0,0.08731,0.34303,1.71477,Low
51.72933,23.63594,18.1801,0,6.1311,0.32352,0,Very High
65.99137,1.60771,27.18037,0,0.08602,4.9994,0.12284,Medium
59.737,25.27231,14.25858,0,0.2698,0.46231,0,Very High
39.29258,29.02134,31.22484,0,0,0.46124,0,Very High
11.31881,0.54441,85.82056,0,2.02449,0.28653,0.00519,Medium
61.85139,8.28138,11.0475,0,15.565,3.13601,0.11872,Medium
56.77299,1.55965,36.87937,0,0,4.72683,0.02894,Medium
33.57616,0.35524,54.74697,0,0.00079,7.28181,0.0077,Medium
42.40263,1.42315,55.30108,0.03644,0.04971,0.78698,0,Medium
35.73212,0.24877,57.07991,0,0,6.93921,0,Medium
51.74886,39.6051,6.2015,1.15269,0.34234,0.94951,0,Very High
66.79524,1.42849,30.73668,0,0,1.01889,0.00851,Medium
6.78763,0.2951,91.21781,0,0,1.59273,0.10674,Medium
72.81932,21.83089,3.42231,0.12509,0.00903,1.54435,0.24442,Very High
25.41783,1.80288,70.91823,0,0.61881,1.24224,0,Medium
17.31936,23.76007,57.86883,0,0,0.99874,0.05126,Medium
13.47552,0.02742,86.33198,0,0,0.16508,0,Medium
63.59233,20.79899,12.72413,2.36715,0,0.5174,0,Very High
69.10936,11.07783,10.86171,1.78078,0.11,7.06032,0,Medium
95.79031,3.20613,1.00357,0,0,0,0,Medium
20.15997,0.16666,78.18889,0,0.00186,1.4794,0.0017,Medium
78.24958,2.5466,10.84224,7.91934,0,0.40001,0.04223,Very High
29.84189,2.26641,64.45517,0,0,3.4243,0,Medium
43.59529,2.10861,47.37296,0.12476,0.00182,6.6993,0.09726,Medium
16.4095,0.11433,83.38699,0,0,0.08917,0,High
2.46857,0.11727,97.34757,0,0,0.06659,0,Medium
39.22445,31.03297,17.97861,0,11.58589,0.16954,0,Very High
32.77686,1.63673,57.41151,0,0.39238,7.78252,0,Medium
47.32751,0.02693,33.28447,0,0,19.35594,0.00515,Medium
57.93334,9.71489,29.98906,0,1.3263,1.0364,0,Very High
9.38179,0.00911,88.31238,0,0.00238,2.27661,0.00331,Medium
47.37475,26.26281,13.13481,11.55604,0.98112,0.69047,0,Very High
57.19665,18.3229,11.68698,12.22908,0.38459,0.17979,0,Very High
77.00725,5.4966,1.21851,0,15.59423,0.31036,0.37186,Medium
61.74592,2.58268,27.20388,0.00273,3.15067,5.31411,0,Medium
47.3523,5.15265,41.50965,0,3.89851,0,2.0869,Medium
69.181,0.29085,11.98737,10.78144,0.39245,2.30106,5.06582,Medium
79.94805,0.82819,16.66685,0,1.92697,0.61661,0.00631,Medium
82.19721,6.67411,10.09979,0.51455,0.00104,0.35577,0.13704,Medium
49.23852,0.8131,48.8242,0,0,1.1014,0.00574,Medium
72.54371,10.82255,9.60436,4.44664,0.35438,2.22835,0,Very High
63.88664,2.22111,30.57415,0.0553,2.91879,0.32678,0,Medium
76.57814,10.8082,11.7106,0,0.14374,0.75932,0,Very High
74.01455,2.81286,20.9151,0,0,2.17684,0.0283,Medium
11.59588,0.05527,83.5351,0,0.30241,4.50672,0,Medium
26.46408,3.54193,67.72855,0,0,2.25993,0.0055,High
64.19166,2.91624,30.4546,1.15944,0.05031,1.2097,0,Medium
28.10099,61.80411,8.40628,0,0,0.98959,0.67937,Low
47.07098,4.18144,46.94326,0,0.72874,1.07557,0,Very High
41.05803,1.00081,39.17234,0,0,17.84257,0.00233,Medium
13.31238,2.85118,79.17177,0,0,4.65434,0.01034,Medium
14.6946,0.38802,83.76802,0,0.35183,0.79715,0.00038,Medium
24.88975,6.16011,68.02277,0,0.15162,0.76871,0,Medium
64.79149,7.77438,26.33954,0,0.15229,0.93386,0.0072,Medium
57.55309,9.01307,29.5347,0,0.38943,3.47966,0.03006,High
40.93094,3.29406,52.2885,0,1.51149,1.97501,0,Medium
59.21308,5.55174,35.099,0,0,0.13618,0,Very High
65.21857,14.37899,20.14328,0,0,0.25916,0,Very High
84.49966,0.72447,14.4933,0,0.07306,0.12446,0.08003,Medium
60.25845,28.86399,3.9623,3.25407,2.89981,0.75642,0,Very High
50.26642,0.20579,46.05383,0,0.077,3.39695,0,Medium
17.70751,11.49135,0.99003,0.92934,0,68.23459,0.64454,Low
50.36536,10.58183,18.70326,9.0642,8.94476,2.33092,0.00604,Medium
6.61724,0.01758,93.02942,0,0.00112,0.33463,0,Medium
18.08896,26.82267,52.85986,0,0,2.2285,0,High
49.05165,7.35961,34.02447,7.32467,0.16482,2.07479,0,Very High
12.69121,0.64306,85.27651,0,0,1.36962,0,Medium
53.3732,11.11894,17.90894,3.41425,0.2026,1.04954,0,Very High
69.81816,14.93374,13.46811,0,1.2547,0.52528,0,Very High
59.1405,17.34178,10.28181,1.28111,11.74425,0.21055,0,Very High
62.85602,14.83955,20.12481,1.32566,0.04679,0.80717,0,Very High
27.15257,0.65713,69.64774,0.15723,1.53448,0.85004,0.00081,Medium
62.35358,9.54003,24.69932,0,0.0349,3.37216,0,Medium
32.91687,1.27138,62.57157,0,0,3.24017,0,Medium
48.66798,0.67945,38.57031,0,0.0088,12.03606,0.03288,Medium
41.53099,12.26858,42.93667,1.37877,1.33206,0.55294,0,Very High
10.75905,0.33182,88.15601,0,0,0.75312,0,Medium
10.06639,0.73474,84.10636,0,0,4.54739,0.54513,Medium
52.58833,13.15424,32.99185,0,0.80846,0.45712,0,Very High
22.51616,7.5179,60.28443,0,0,9.65691,0,High
1.96672,0.05607,91.73539,0,0,6.18997,0.01176,Medium
30.61008,68.65152,0.7384,0,0,0,0,Medium
53.86798,24.72915,19.10519,0,0,2.29767,0,Very High
50.06787,9.11213,32.62654,0,0.63519,7.35764,0.00937,Medium
46.86391,2.94711,34.47053,0.00196,0.00023,14.51225,0.00793,Medium
5.40818,0.2366,91.54673,0,0.06432,2.47163,0.27237,Medium
46.4827,28.86433,24.07075,0,0.01995,0.56227,0,Very High
68.57213,1.88512,28.15433,0,0.68071,0.60956,0.08701,Low
39.70881,2.8451,56.57294,0,0,0.87315,0,High
72.73015,7.13947,19.90735,0,0,0.22303,0,Very High
94.96229,4.6818,0.27196,0,0,0.07927,0.00468,Medium
37.16876,29.19023,32.53309,0,0,0.67721,0.424,Very High
20.35415,68.59386,10.37318,0,0.09813,0.53456,0.04611,Very High
51.0575,21.21047,27.33485,0.09599,0.00649,0.2947,0,Very High
49.78904,9.73366,39.82859,0,0.18979,0.45892,0,Very High
27.26264,0.5189,68.14278,0,3.36969,0.41585,0.29013,Low
59.71135,14.80512,25.06429,0,0,0.41924,0,Very High
57.37999,0.86604,39.05803,0,0.0025,2.60518,0.04504,Medium
58.93576,23.2131,14.74484,2.79679,0,0.30951,0,Very High
74.49719,7.43764,8.82176,0,0,9.19405,0.01945,Medium
62.91111,0.26902,32.72668,0,3.57344,0.51976,0,Medium
9.82201,21.86492,64.82794,0,0,3.47296,0.01217,High
65.46562,0.09508,32.31499,0.58952,0,1.53479,0,Low
45.74039,41.51487,11.71142,0.21544,0.70457,0.1133,0,Very High
51.16973,2.14955,40.61384,2.37482,0,3.60064,0,Low
42.50502,0.56347,38.01033,0,3.17733,11.06874,4.66367,Medium
75.15164,4.39531,19.55444,0,0,0.88139,0,Very High
81.76498,0.99954,13.35761,0,3.61607,0.26056,0,Medium
66.43159,7.40981,10.13596,15.41832,0.15434,0.44998,0,Very High
59.75844,13.76755,25.86007,0,0,0.57464,0.03929,Very High
65.09128,22.98592,10.59622,0.62097,0,0.70561,0,Very High
64.19911,13.63374,21.67171,0,0,0.49544,0,Very High
9.87564,0.18967,89.20762,0,0.00032,0.71948,0,Medium
75.21103,1.01667,20.86817,0.52588,0,1.96441,0.10161,Low
38.87175,20.63426,40.36435,0,0,0.12964,0,High
71.50715,5.7318,21.85358,0,0.15788,0.74958,0,Very High
47.81887,42.791,7.51914,0,0.0241,1.84689,0,Very High
65.96278,12.6357,17.59547,0,3.44865,0.3574,0,Very High
26.94067,1.66779,68.22255,0,0.87159,2.28861,0.007,Medium
79.25917,3.41433,15.19885,0.94392,0.01545,1.16357,0,Low
48.49793,35.73333,14.89228,0,0,0.79187,0.0846,Very High
34.42808,51.18435,13.39633,0,0.57698,0.41427,0,Very High
34.92786,18.96021,35.07619,0,0,11.03574,0,Low
63.818,4.76022,29.88354,0.05501,0.08776,1.11045,0.281,Medium
59.88513,26.18421,13.74806,0,0.02164,0.16097,0,Very High
19.25229,6.79215,12.89041,0.31982,0,60.6367,0,Low
72.8462,0.46533,21.59734,0,0,5.09113,0,Medium
50.89465,2.2668,31.13712,0.9634,14.47162,0.22969,0.03671,Medium
52.56147,27.01204,9.10855,0,10.87289,0.44505,0,Very High
77.72387,2.54096,18.15791,0,0,1.57727,0,Medium
10.9248,0,84.36057,0,4.70958,0.00316,0.00189,Medium
22.97611,0.4126,75.55871,0,0.09986,0.92693,0.02578,Medium
18.63857,0.91851,78.63101,0.00039,0,1.43276,0.37527,Medium
2.93561,0.14585,95.62709,0,0,1.29145,0,Medium
56.00356,0.99249,31.85834,0,0,10.87556,0,Medium
41.69286,15.05543,42.82826,0.13875,0,0.2847,0,Very High
23.25204,0.08848,74.62602,0,0.00217,2.03129,0,Medium
36.67447,4.86899,26.15455,0,31.61663,0.68537,0,Very High
13.58012,0.26122,85.53284,0,0,0.58279,0.04303,Medium
5.5751,28.60581,1.72205,0,0.00299,0.78678,63.30728,Medium
74.24651,15.49389,6.81016,2.92141,0.2023,0.32574,0,Very High
77.48334,1.94842,20.36974,0,0,0.19851,0,Very High
72.26133,20.26042,7.22212,0,0,0.25614,0,Very High
53.83463,0.84757,40.14118,0,3.83398,1.34263,0,Medium
54.78985,15.71517,29.14042,0,0.03686,0.3177,0,Very High
54.76636,0.09741,33.04451,0,0.00863,3.19425,0,Medium
79.8692117,0.2297632,11.2053729,0,0,0.4241782,0,Medium
56.14961,28.92491,12.92094,0.98015,0,1.02439,0,Very High
74.85285,2.45082,21.86039,0,0,0.82912,0.00682,Medium
23.36702,0.7469,74.53181,0,0,1.35096,0.00331,Medium
82.38501,0.31093,16.11283,0,0.05101,0.9827,0.15325,Medium
29.54705,0.59011,27.26541,0,0,42.59318,0,Low
75.12434,3.59668,16.89048,0,0,3.66171,0.02888,High
71.28533,14.48581,10.12378,0,2.69064,1.41444,0,Very High
68.69088,1.23058,28.34627,1.25926,0,0.45278,0.02023,Medium
62.32897,16.25931,16.22105,3.98831,0,1.00264,0.19972,Very High
69.46467,2.20033,18.83287,6.78139,0.00394,2.71046,0,Medium
55.55475,20.15383,23.58587,0,0,0.70554,0,Very High
29.19646,0.20112,68.74935,0,0,1.84722,0.0043,High
39.6905,2.64572,51.416,0,3.48808,2.7597,0,High
13.80815,0.82705,84.3848,0.06299,0.2718,0.63683,0.00701,Medium
62.53278,1.24218,34.52056,0.00181,0,1.66734,0.00592,Medium
51.88396,5.60522,32.73679,0,0,9.30463,0.00747,Medium
6.54194,0.2161,16.14073,0,0,5.14187,71.93861,Medium
12.86064,0.87167,84.46965,0,0,1.79759,0,High
50.08163,5.63394,39.21619,0,2.86552,2.20272,0,High
45.00179,1.70557,52.61944,0,0.23257,0.38091,0.05971,Very High
45.67478,42.66649,11.11655,0,0,0.54218,0,Very High
60.44015,19.37372,17.89883,0,0,2.25831,0.0092,Medium
29.58249,4.68164,54.80111,0,0,10.2407,0.0169,High
75.15742,2.90046,9.9898,9.82589,0.97574,1.1507,0,Medium
9.55475,0.15625,90.25368,0,0,0.03532,0,Medium
63.37893,0.52418,4.95998,0.07568,0,30.91559,0.14564,Low
57.0699,20.2538,19.01704,3.44239,0.15199,0.0443,0.02058,Very High
74.99999,10.23115,9.94221,3.92995,0.78447,0.09007,0.02216,Very High
58.34919,15.79001,19.18223,2.08313,1.91169,2.68376,0,Very High
55.29684,0.09572,43.2355,0.00128,0.0925,1.26829,0.00283,Medium
56.83755,13.92357,17.97209,0,8.14573,3.0857,0.00375,Medium
45.23964,2.09291,24.80638,0,16.69073,11.12664,0.04371,Medium
63.6765,13.13665,14.72768,1.48577,6.71275,0.25538,0,Medium
34.20349,9.7651,49.72462,0,5.09679,1.21001,0,Very High
71.22484,18.22773,10.16465,0,0,0.38121,0.00157,Very High
57.9535,26.18496,15.76482,0.00178,0,0.09494,0,Very High
37.73932,0.06475,59.85114,0.0825,1.59245,0.66985,0,Medium
18.5689,1.21053,75.90286,0,0,4.0556,0,Medium
57.07809,21.39166,17.38861,0,0.39965,3.02521,0.68385,Medium
69.71317,7.13922,21.93273,0,0.00558,1.2093,0,Very High
65.94014,28.63761,5.17243,0,0,0.24981,0,Very High
87.48352,4.42582,4.08986,0,1.56381,0.20572,2.23127,Medium
66.79867,7.30969,23.22043,1.53524,0.00618,1.12216,0.00682,Medium
17.97867,0.03286,80.77318,0,0,1.20961,0,Medium
55.29463,26.16828,18.2632,0,0,0.27389,0,Very High
89.84315,1.69472,8.17749,0,0,0.2792,0,Very High
54.54263,26.32333,18.87055,0,0,0.26349,0,Very High
18.87311,0.53552,79.40199,0,0.52484,0.66454,0,Medium
69.14571,1.68479,22.48047,0,6.22676,0.46226,0,Medium
65.04787,0.11,31.94798,0,0,2.89415,0,Very High
14.80859,6.69659,70.95923,0,0.04318,7.11361,0.3788,Medium
62.51398,11.40466,21.20762,4.26193,0,0.61181,0,Very High
17.94989,0.34698,80.69756,0,0.73137,0.2742,0,Medium
31.97799,4.76809,58.14451,0.0056,1.17846,3.92534,0,High
15.3829,0.59835,81.80584,0,0,2.15629,0.04848,Medium
13.15441,0.12715,75.6981,0,0.34579,10.67455,0,Medium
46.89073,0.12844,42.81644,0,0,10.16227,0,Medium
78.78722,14.78908,6.41754,0,0,0.00615,0,Very High
50.62628,27.34216,11.96721,6.2664,3.58598,0.20283,0,Very High
31.36517,29.44781,37.06139,0,0,2.0876,0,High
36.2725,46.06045,10.46712,3.18283,3.88828,0.12881,0,Medium
45.9987,11.92034,34.67595,0.08668,0.69383,6.59529,0.01933,Medium
10.42279,0.11956,88.26177,0,0.38474,0.81113,0,Medium
49.45215,28.00321,20.58635,0,0,0.211,1.74729,Very High
52.66221,0.85233,45.31089,0,0,1.17457,0,Medium
67.61515,2.13103,25.56896,0,3.96289,0.72197,0,Very High
22.39846,0.0275,75.37749,0,0.62318,1.56162,0.01012,Medium
96.39047,0.81091,1.09632,0.02078,1.67156,0.00175,0.00179,Medium
63.67943,3.53332,25.19011,0,7.05348,0.52805,0,Very High
58.63057,4.19407,16.01811,14.31978,6.78112,0.05635,0,Very High
26.30344,0.07452,70.81633,0,0.29879,2.39008,0.11684,Low
77.26585,4.50935,15.07801,0.12995,0,2.99846,0,Low
68.4115,6.75358,12.88196,0,0.06168,11.88028,0,High
71.33868,1.47465,26.22534,0,0,0.93253,0.0288,Medium
12.55689,1.9215,82.17147,0,0,1.19176,1.19308,Medium
18.67835,0.1376,77.40923,0.0337,1.41844,2.32088,0.00179,Medium
24.95663,0.99996,62.40621,0,0,11.56259,0.01926,Medium
78.50913,6.40403,14.31544,0,0,0.77141,0,Very High
16.63812,0.22512,33.22266,0,0,22.17409,25.91895,Medium
31.09769,0.30804,63.3686,0.00211,0,5.20969,0.00573,Medium
92.67653,1.85911,4.03447,0,0.00644,1.40169,0.00488,Medium
9.34994,0.43879,0.09938,3.77628,0,86.3356,0,Low
17.09095,28.49094,39.54033,0,0,13.44639,0,Medium
71.93843,13.66007,13.70151,0,0,0.69998,0,Very High
41.25726,18.48514,36.17084,0,3.72975,0.35701,0,Very High
70.53728,14.24734,13.88241,1.13449,0,0.19848,0,Very High
88.12267,2.30068,6.48432,0.6707,0,2.42163,0,Low
91.96585,0.26024,6.86714,0.32164,0,0.57535,0.00979,Low
7.86618,0.82908,57.4328,0,0,25.38009,0,Medium
46.95713,12.15794,38.17773,0,2.4546,0.2526,0,Very High
53.2264,1.02598,44.838,0,0,0.90809,0.00153,High
51.3045,3.79785,5.8924,3.02321,0,23.54522,0,Low
17.3393,1.2162,71.57822,0,0.44848,2.80739,6.6104,Low
61.64482,12.09758,24.28449,0,0,1.97311,0,Very High
72.8911,6.73536,19.50203,0,0.00421,0.8673,0,Very High
76.02502,3.35985,17.1039,2.45067,0.00766,1.01709,0,Medium
43.97393,10.59199,41.59292,0.00118,0,3.71789,0.11034,Medium
55.09624,25.99712,18.08644,0,0.25537,0.56483,0,Very High
65.16292,5.19907,21.3435,0,7.07169,1.22282,0,Medium
40.9001,28.67743,10.25927,0,0,0.19872,19.96448,Very High
28.74435,0.22593,65.49086,0,0,5.53035,0.00714,High
54.20684,3.51271,40.00226,0,0,1.88177,0.00537,Medium
40.52189,25.60171,30.67592,2.24119,0.03087,0.20665,0.72177,Very High
48.08628,2.70881,47.36372,0.01178,0,1.8294,0,Low
32.91241,0.84474,52.90512,0,0,13.33774,0,Medium
74.26203,4.79198,19.49635,0,0.99111,0.44929,0,Very High
29.53088,0.41917,64.62371,0,0,2.57636,0,Medium
63.1511,7.2003,28.72137,0,0,0.92723,0,Very High
41.68874,40.53041,16.73313,0,0.62903,0.41869,0,Very High
76.51023,0.59404,2.93127,1.09816,0,18.33475,0.0191,Low
64.95785,16.65861,17.21145,0,0,1.17209,0,Very High
39.11691,22.16536,2.38784,19.31006,0,16.81228,0,Low
54.96237,5.70616,17.94166,11.69878,8.40673,1.28429,0,Very High
55.46548,1.79286,10.59371,0.12808,0,31.88704,0,Low
26.86399,4.5293,56.16234,0,0,12.42054,0.01376,Medium
58.07677,15.7769,25.75083,0,0,0.39111,0.0044,Very High
59.496,21.65837,18.25303,0,0,0.5926,0,Very High
75.89208,0.39055,15.92374,0.13909,0,7.65453,0,Low
45.25972,2.57929,49.3645,0.00264,0,2.20623,0.58229,Medium
24.05005,7.87172,65.11482,0.00327,0,2.95309,0.00706,Medium
59.83421,30.36694,9.26723,0,0,0.53162,0,Very High
77.72702,1.88712,18.23569,0.71252,0.00723,1.43043,0,Medium
61.80337,18.55554,19.54875,0,0,0.09234,0,Very High
22.72426,0.41073,27.69491,0,0,48.87072,0.29938,Low
29.29119,52.27811,17.38674,0,0,1.04395,0,Very High
52.39,2.21034,35.67751,0,0.29761,9.2238,0.18382,Medium
29.17508,1.19241,62.92105,0,0,6.71146,0,High
36.92029,0.10971,60.87064,0.04257,0.88228,1.17452,0,Medium
47.21132,11.39341,14.82588,0,0.03891,26.08989,0,Low
80.66775,4.26645,12.76021,1.09152,0.31273,0.89729,0.00237,Medium
51.29401,1.72197,43.00043,0,3.74926,0.23432,0,Very High
66.2104,23.50408,9.60258,0,0.30023,0.36273,0.01423,Very High
52.74421,28.51262,18.41119,0,0,0.21529,0.11668,Very High
16.18092,0.21222,83.2761,0,0.02365,0.30711,0,Medium
76.14796,5.05004,18.33387,0.28169,0.01241,0.17404,0,Very High
60.23,27.23471,12.09887,0,0,0.43642,0,Very High
62.03132,1.53155,28.78412,5.43649,0.4287,1.68676,0.05644,Medium
56.60439,28.98857,11.29705,0,0,1.84636,1.26363,Very High
58.88286,10.73453,22.40801,3.59965,0.59389,3.78106,0,Very High
41.6196,1.70978,31.28148,0.17591,0.08772,24.60203,0.25682,Low
60.3308,16.61001,22.54644,0,0,0.50865,0,Very High
59.67355,1.29309,23.13815,0,0,15.88065,0,Low
29.52525,2.2129,66.56251,0,0.71597,0.98337,0,Medium
63.41292,17.86472,18.4602,0,0,0.21292,0,Very High
68.86381,5.23063,16.66838,5.33282,3.56748,0.33164,0,Medium
57.72543,36.8414,5.16068,0,0,0.27249,0,Very High
84.5015,1.94738,11.83701,0.90041,0.01478,0.2703,0.52862,Medium
53.72528,0.07596,45.45018,0,0,0.74567,0.00291,Medium
60.34878,15.10605,17.82704,4.09082,0.00594,2.61858,0,Medium
64.0882,3.92177,21.60566,0.00188,0,10.36832,0.01418,Medium
77.73378,2.81589,16.02258,2.61954,0.22848,0.57974,0,Very High
63.98679,25.59148,10.17395,0,0.01141,0.22962,0.00675,Very High
75.626,9.98275,13.68421,0,0,0.67031,0.03631,Medium
60.15112,16.71527,2.26059,6.26249,0,13.23832,0,Low
60.88658,16.33896,10.39752,10.71992,1.0775,0.52431,0.04908,Very High
37.92103,0.27447,57.98951,0.0103,0.16002,3.64,0,Medium
56.65036,0.94268,41.17678,0,0.47931,0.68956,0.06132,Medium
64.90585,1.42168,31.48195,0,0,2.17438,0.00689,Medium
51.26851,1.35562,45.05689,0,0.86913,1.44528,0,Medium
17.73651,0.91648,77.24416,0,0.38192,3.70675,0,High
80.56219,0.41442,13.74536,0,0,5.19853,0.0205,Medium
11.853,0.1866,83.83072,0,0,4.11128,0.01841,Medium
16.06415,0.82611,78.39995,0.00409,0,1.49027,0.96774,Medium
81.17536,0.32813,18.12742,0,0.00976,0.35934,0,Low
74.14385,11.51193,12.89688,1.22741,0.0347,0.18524,0,Very High
51.16227,31.11566,8.89205,3.90817,4.83227,0.08957,0,Very High
25.55172,1.30547,71.86522,0.04644,0.01853,1.16486,0,Medium
82.74326,11.59925,4.45183,1.11258,0,0.09308,0,Medium
60.89376,8.51183,30.21106,0,0,0.38334,0,Very High
67.02457,9.5204,23.2009,0,0,0.25413,0,Very High
54.55235,22.90498,13.83418,4.82159,3.32051,0.56639,0,Very High
39.59307,0.69696,55.69229,0,0,3.57029,0.05816,Medium
74.68064,3.54959,18.78705,0.47447,2.25834,0.21632,0.01481,Medium
16.04331,0.54754,82.08257,0,0,1.32658,0,Medium
52.1073,2.859,44.68917,0,0.20232,0.12773,0,Medium
43.688,0.48767,54.09229,0,0,1.70407,0.02797,Medium
69.4437,1.28469,23.50186,0,0,4.27695,0,Medium
59.87068,12.67313,26.37101,0,0,1.07996,0.00422,Medium
58.6794,39.22825,1.99576,0,0,0.09659,0,Very High
65.24767,0.44883,21.25926,0.55482,0,1.68001,0,Low
30.16069,13.99456,50.39452,0,0.88471,4.56435,0.00117,High
13.71232,0.88104,78.06068,0,0,7.34597,0,High
62.70637,1.02193,30.72487,0,3.57807,1.9683,0,Medium
20.13274,5.12204,74.46619,0,0.05044,0.22859,0,Medium
18.50404,6.88572,3.83376,0.68209,0,70.04865,0,Low
69.47395,3.4055,25.10936,0,0.00027,1.89521,0.10351,Medium
8.80777,3.57992,75.03298,0,5.78721,6.79212,0,Medium
29.57696,0.21242,69.48522,0,0,0.65115,0,Medium
41.22816,14.03399,39.19224,0,0,5.52389,0,High
73.27384,11.40224,14.69955,0,0,0.62437,0,Very High
57.33535,12.29123,25.39801,0,4.47081,0.50023,0,Very High
67.78852,20.82576,10.50943,0.68859,0,0.1877,0,Very High
29.72981,0.65684,60.09481,0,5.48984,3.53598,0.49273,Medium
8.52796,0.0876,78.82117,0,12.27979,0.27381,0,Medium
71.73852,11.91803,16.12703,0,0,0.21643,0,Very High
69.5515,0.98509,20.46764,2.31672,5.13565,1.53252,0.00648,Medium
16.8699,0.19014,32.11486,0,0,50.81555,0.00954,Medium
24.72432,13.42697,39.29019,0,0,22.55347,0.00505,High
59.68898,23.29734,14.99033,0,0,2.02336,0,Very High
6.98976,0.21855,86.13139,0,0,6.54276,0,Medium
29.64853,5.53408,61.48395,0,0,3.33238,0,High
55.09147,23.75578,20.27887,0.00192,0,0.87195,0,Very High
30.95041,0.22757,64.65188,0,0,4.17015,0,Medium
76.30984,8.56812,9.113,0,5.69899,0.31004,0,Very High
82.23766,5.48912,11.95915,0,0.1844,0.12966,0,Very High
35.7212,5.18984,0.75961,0,0.0683,58.26105,0,Low
42.88699,0.82227,55.33978,0.02284,0.034,0.89412,0,Medium
48.85194,23.76174,23.32815,0,3.7992,0.25897,0,Very High
43.87493,1.11286,50.39113,0,0,2.6463,0,Medium
4.53625,4.58831,1.22322,0.07482,0,89.5774,0,Low
64.29634,13.66267,10.45393,9.73775,1.79694,0.05237,0,Very High
14.88055,14.52037,1.35942,0,0,69.20896,0.0307,Medium
28.85645,26.94961,40.665,0.36168,0.06463,3.10263,0,Very High
10.9053,0.27854,66.83212,0,0.00054,21.0701,0.81906,Medium
68.9486,13.1744,16.97907,0,0,0.89792,0,Very High
52.72316,21.78617,19.02278,0,5.28359,0.63976,0.54454,Very High
59.25815,1.09892,39.45324,0.06446,0.00309,0.12214,0,Medium
53.45017,3.98263,27.78837,4.98517,6.85935,2.8679,0,Medium
2.91537,21.1965,53.11231,0,0.12993,22.24952,0,Medium
84.42537,0.94506,11.95995,1.27175,0.00796,1.38991,0,Medium
17.67538,2.93732,5.97969,0,0,49.08903,24.29988,Low
29.64374,0.82828,53.35091,0,0,16.0591,0.11797,Medium
39.3627,0.31784,56.92826,0.00821,2.51497,0.72893,0.1391,Medium
37.41597,1.22886,60.37186,0,0,0.96152,0.01149,Medium
39.28783,10.30278,49.16599,0,0,1.2342,0,Very High
49.70763,43.74312,6.25398,0,0,0.29526,0,Very High
69.18091,1.05355,26.47423,0.49567,2.0726,0.71048,0,Medium
63.18585,16.34831,16.98043,3.01081,0,0.47459,0,Very High
79.64816,4.54825,14.88477,0,0,0.79811,0,Medium
55.9118,21.14302,19.84767,0.51425,1.32522,1.25804,0,Very High
49.35298,33.69597,16.72899,0,0,0.22176,0,Very High
45.6953,33.65058,19.1391,0,0.00253,1.51248,0,Very High
52.93814,2.27404,29.62523,5.23202,7.67096,2.25461,0,Medium
40.91669,0.16573,57.96063,0.04108,0.5541,0.35851,0.00325,Medium
61.94103,19.72853,12.57794,3.1447,2.04114,0.54672,0,Very High
51.71747,9.64288,2.34746,22.65614,0,13.52722,0,Low
22.652,1.73044,1.01245,5.4595,68.17765,0.96797,0,Medium
73.66711,0.69294,23.98916,0,0.50893,1.10189,0.03109,Medium
25.11595,0.65158,72.101,0,0.23883,1.85396,0.03805,Medium
1.73242,0.08515,97.68049,0,0,0.49311,0.00882,Medium
77.85896,13.9617,7.38776,0.72736,0,0.06423,0,Very High
22.91438,0.67074,74.2257,0,0,1.3798,0.78361,Medium
30.74971,0.27109,3.626,0,0,37.19338,28.15983,Low
70.2192,9.80053,19.57428,0,0,0.40599,0,Very High
63.23813,5.50327,29.12865,0,0.74107,1.38889,0,Medium
18.35801,0.05507,80.34206,0,0.00183,1.24302,0,Medium
70.63138,12.54918,16.02895,0.25883,0,0.11987,0.41178,Very High
56.41043,21.47762,22.04649,0,0,0.06546,0,Very High
9.61862,1.47224,88.35123,0,0,0.37769,0.18004,Medium
29.25584,0.0418,65.56545,0,1.84098,3.29594,0,High
50.63198,12.48132,34.75392,0,0.4915,1.63568,0,Very High
77.10377,1.47908,10.28381,2.857,8.11604,0.07758,0.0785,Medium
61.83396,2.53325,34.50243,0,0.34354,0.78247,0.00169,High
71.13049,16.15476,12.20974,0,0.07113,0.43387,0,Very High
59.18259,25.25933,13.18176,2.20995,0.00181,0.16457,0,Very High
37.13954,3.49201,56.73682,0,0,1.79052,0.00907,Medium
34.20411,35.8639,28.34974,0,0,1.57882,0,Medium
60.38013,23.14754,9.85677,6.30981,0.04338,0.25589,0,Very High
55.67093,25.62996,18.32045,0,0.00752,0.37113,0,Very High
51.10905,12.48036,35.3375,0,0.63605,0.43704,0,Very High
64.9612,29.91981,5.00624,0.00261,0.01415,0.09599,0,Very High
76.35475,0.14936,22.58809,0,0.08053,0.82123,0,Medium
54.68019,18.88709,25.85875,0,0,0.57396,0,Very High
66.09271,4.09375,28.4436,0,0,1.33576,0.02889,Medium
52.27751,12.80751,25.4643,7.68346,1.28823,0.47899,0,Very High
64.54297,4.28649,30.68056,0,0.08663,0.39189,0,Very High
7.93925,0.01996,91.35654,0,0,0.68003,0.00411,Medium
68.14289,0.89791,27.92173,0,0.00306,1.72098,0.01116,Medium
34.8835,1.27736,0.05551,0.15304,0,21.59572,41.99544,Low
46.58512,3.41114,48.87958,0,0.10081,1.0165,0.00685,Medium
36.0174,3.8113,37.52166,0,0,15.71397,6.9222,Medium
64.36407,8.39883,8.30482,3.49651,0,15.30946,0,Low
21.72351,0.61208,76.82741,0,0,0.8335,0,High
64.63674,15.85594,10.18719,8.89062,0.00076,0.42874,0,Very High
63.2256,22.78624,7.79753,4.93557,0.93072,0.32434,0,Very High
3.37465,0.05037,96.39895,0,0,0.17603,0,Medium
58.23726,4.90387,35.17914,0.00168,0.73775,0.93862,0,Medium
57.1183,29.43116,12.56522,0.13481,0,0.75051,0,Very High
66.08429,1.27522,32.05493,0,0.00848,0.57707,0,Low
53.21966,45.9731,0.80337,0,0,0,0,Very High
19.4522,2.92988,67.03823,0,0,10.34147,0,Medium
55.25826,2.38811,19.75159,4.40939,16.8261,1.35813,0,Medium
10.03384,0.26995,54.47184,1.21104,0,31.85303,1.92753,Medium
78.08941,12.69794,9.0749,0,0.02193,0.09548,0.02033,Medium
54.48862,38.64122,6.80311,0,0.01203,0.05502,0,Very High
23.037,2.49729,70.45967,0,0.04119,3.11103,0.85382,Medium
74.74317,18.87425,0.08235,0,6.05318,0,0.24705,Medium
12.3314,0.78081,86.23343,0,0.00078,0.64947,0,Medium
69.85356,4.44173,24.21752,0,0,0.76397,0.72322,Very High
66.36765,8.05706,21.29885,0.12331,3.56637,0.58676,0,Very High
9.93597,0.144,89.21542,0,0.05986,0.64475,0,Medium
63.0609,3.40002,30.82875,1.50737,0.12105,1.08191,0,Very High
82.72469,3.7065,8.1492,0,4.93474,0.47628,0,Medium
86.36636,2.02297,1.8689,7.92213,1.74169,0.06565,0,Medium
62.17011,3.30846,33.57205,0,0.10074,0.83357,0.00564,Medium
70.0493,4.8532,18.36996,4.42335,1.01824,1.24608,0.0353,Medium
73.41292,2.9882,1.23431,0,21.73424,0.29426,0.31261,Medium
70.89365,17.31496,11.57296,0,0,0.21844,0,Very High
26.91395,1.88459,70.71602,0,0,0.46334,0.0221,Medium
61.61779,0.95097,33.32635,3.82867,0,0.27622,0,Very High
53.64206,12.93666,31.96235,0.03793,0.17506,1.24594,0,Medium
6.50128,0.2821,88.85931,0,2.99089,1.36642,0,Medium
79.53347,2.95254,7.28726,0,8.20701,0.93205,1.06847,Low
39.65195,1.77527,48.12983,0.09443,0.17059,10.17792,0,Low
29.35321,12.731,38.49378,0,0.12517,1.30806,17.98877,High
70.6208,11.31856,16.1422,0.94956,0.45364,0.51524,0,Very High
12.7999,0.37643,86.80349,0,0,0.02019,0,Medium
63.54041,1.90002,33.4187,0.12449,0.00273,1.00473,0,Very High
70.22895,3.23804,24.54482,0.09322,0.13048,1.76447,0,Medium
71.54092,18.62936,6.6329,0,3.03268,0.16415,0,Very High
42.8835,32.71934,20.24784,3.56131,0.04115,0.54073,0,Very High
54.87159,15.75466,21.71432,2.31079,4.422,0.92664,0,Very High
47.3469388,0.4081633,13.3469388,0,24.122449,14.6530612,0,Medium
70.37643,14.58135,13.8186,0,0.9002,0.32342,0,Very High
10.78426,0.1306,77.54497,0,0.00055,9.79025,0.15124,Medium
51.46987,0.58613,15.66388,7.52046,16.44975,8.06952,0.00246,Medium
55.45909,3.35822,36.41344,0,1.85884,1.33565,1.5537,Very High
70.96062,3.04835,24.60455,0,0.68244,0.70404,0,Very High
3.81572,4.76201,74.97506,0,0.62757,15.76387,0,Medium
44.14849,10.716,44.69861,0,0,0.4369,0,High
65.78181,5.31537,18.10004,0.15474,0.10525,2.72928,7.80854,Medium
2.77318,0.03454,96.35547,0,0,0.83681,0,Medium
36.70955,3.23216,59.40745,0,0,0.65083,0,High
17.26509,1.3379,78.88564,0,0.01487,2.49501,0.00027,High
45.14513,1.38597,41.81308,0.06815,0,5.56781,0,Low
63.56345,1.98387,25.94958,3.42451,3.80097,0.98085,0.29677,Medium
59.0105,11.21479,24.87859,3.74083,0.45097,0.70432,0,Very High
84.87348,12.91043,1.63136,0,0,0.41682,0.01846,Medium
58.59434,9.33661,29.04114,0.68382,1.75065,0.58563,0.00781,Very High
28.39317,2.96697,66.88527,0,0,1.65386,0.0286,Medium
86.97009,6.22025,6.44755,0,0.13157,0.23054,0,Very High
6.6084,0.02072,91.13061,0,0.14813,0.13266,1.95948,Medium
58.91872,0.25987,37.99463,1.34414,0.30093,1.18171,0,Medium
57.82797,0.36471,41.648,0,0,0.15932,0,Medium
70.44326,9.14355,19.94746,0,0,0.46573,0,Very High
6.71552,0.29977,76.94363,0,0,10.41575,0.08055,Medium
72.92345,27.06698,0,0,0.00957,0,0,Medium
28.91159,0.49772,68.33816,0,0,1.94072,0.04403,Medium
19.73208,1.35131,70.33277,0,0.58506,7.99741,0,Medium
8.71343,0.15553,90.09619,0,0,1.03485,0,Medium
12.40797,0.00297,82.80265,0,0,4.78456,0.00184,Medium
71.4979,1.50371,12.01733,9.09709,2.16981,2.91407,0.79017,Medium
46.84088,0.19553,50.45871,0,0,2.31687,0.02435,Medium
58.08872,14.1194,20.27557,3.34508,2.18315,1.91045,0.07763,Medium
13.47733,2.14338,4.40586,0.02048,0,79.79971,0.10937,Low
45.24249,1.68558,52.60657,0,0.05557,0.40979,0,Medium
57.54678,19.8258,19.02836,0,2.19517,1.38996,0.01393,Very High
62.44972,6.68926,20.4801,5.27482,3.85016,1.23124,0.02471,Medium
49.68159,1.38963,46.36807,0,0,2.53786,0,Medium
13.95358,0.90934,83.18627,0,0.00254,1.67447,0.27379,Medium
70.17849,14.78107,11.66504,3.1043,0.04802,0.15841,0.06466,Very High
67.6589595,0.1156069,12.7456647,0,0,16.4450867,0,Medium
38.3656,0.61406,49.89646,0,0.18239,10.93391,0,Medium
27.06648,3.55963,67.21785,0,0.70263,1.45341,0,Medium
69.67267,3.6433,10.38833,9.89244,5.68517,0.71809,0,Medium
74.92846,13.47303,10.07398,0,0,1.52452,0,Very High
63.81314,14.52947,21.45071,0,0,0.20626,0,Very High
79.34413,1.01713,17.80666,0,0.0672,1.76488,0,Very High
65.57562,11.7313,18.80109,1.03807,0.24851,0.89449,1.69963,Very High
18.38607,0.24252,80.35068,0.0255,0.89305,0.10217,0,Medium
77.55305,1.32997,12.64599,7.9779,0.18913,0.30235,0,Very High
71.89863,3.17921,20.55027,0.43683,0.30875,3.62494,0,Medium
71.80947,7.0986,20.09778,0,0,0.97818,0.00395,Medium
41.28142,2.03445,51.75697,0,0.07328,4.83293,0,Medium
29.43872,2.25406,61.90107,0,0.00074,6.40541,0,High
47.84625,20.02395,31.84903,0.03496,0.04098,0.20484,0,Very High
72.64402,3.75001,16.97702,0,4.27173,1.88754,0.01675,Medium
17.80649,0.11147,78.6659,0,0,3.41615,0,Medium
60.65453,26.73428,10.38874,1.8962,0,0.30256,0.01572,Very High
39.83441,1.37959,51.01061,0,0.06163,7.39689,0,Medium
71.11482,1.31201,25.49656,0.71716,0.12648,1.23296,0,Very High
95.93673,2.06406,0.36269,0,1.63301,0.00351,0,Medium
4.0134,0.91351,72.55525,0,0,22.51784,0,Medium
31.92985,52.69886,7.38191,3.66748,0,4.32191,0,Very High
68.53546,14.33871,16.83069,0,0,0.29514,0,Very High
73.01032,2.37888,13.664,5.00233,0,5.94447,0,Low
23.74265,0.10175,74.90151,0,0.01838,1.20397,0.03173,High
68.93167,1.52879,27.47099,1.29487,0.0021,0.76869,0,Medium
82.22129,2.03116,13.26168,1.24379,0.01498,1.2204,0,Medium
47.57625,10.60283,37.77037,0,0.19808,3.84833,0.00414,Medium
70.57717,5.42579,9.83951,6.00695,7.96534,0.18525,0,Medium
63.4263,31.0781,5.17849,0,0.01257,0.30454,0,Very High
54.63711,9.15022,17.5887,0,13.76058,4.86339,0,Medium
41.70606,1.34878,45.08784,0,0,10.75673,0.03556,Low
56.15153,11.51189,31.34864,0,0,0.98794,0,Very High
25.78645,0.60483,68.2806,0,0,5.17129,0.15473,High
63.10509,0.66083,27.1363,5.15831,1.13407,2.79652,0.00887,Medium
50.11858,2.01171,37.27941,4.33837,1.58652,4.27973,0.38569,Medium
78.95335,0.48674,19.25934,0,0,1.25922,0.00691,Medium
30.86617,1.28262,64.9041,0,0.15133,1.36268,1.39465,Medium
74.84089,14.3956,0.43377,0,8.04726,1.59395,0.68852,Low
70.8956,10.27444,17.56748,0,0.18584,1.07664,0,Very High
17.87246,0,81.60259,0,0,0.52495,0,Low
65.5855,4.83257,18.9709,6.10753,1.83641,2.65518,0,Medium
75.35126,0.88403,22.47749,0.5538,0.06362,0.58529,0.08076,Medium
68.33991,13.77147,17.45282,0,0.21215,0.22364,0,Very High
61.87956,0.04399,35.71283,0,2.10967,0.08302,0.17093,Medium
25.67498,0.16843,65.56298,0,0,8.58862,0,Medium
33.684,0.27391,64.64908,0,0,1.38062,0,Medium
39.41628,3.50986,28.91446,0,0,28.1594,0,Medium
78.12029,14.20499,7.50923,0,0.00065,0.16485,0,Very High
23.74375,0.01347,76.13815,0,0,0.10463,0,Medium
34.99529,0.11214,62.84033,0,0,2.04514,0,Low
56.21518,20.46935,22.59592,0.00156,0,0.71051,0.00749,Medium
29.82912,20.77019,45.36899,0.50206,0.07395,3.45062,0.00506,Very High
76.71784,1.76997,1.46538,1.41423,0.13968,15.89894,0.33163,Low
53.32389,0.42148,45.25597,0.1331,0.47968,0.38292,0,Medium
22.36239,0.7081,73.28787,0,3.43602,0.20561,0,Low
70.85964,0.33087,26.19337,0.00682,0,2.6093,0,Low
56.58904,1.23113,40.23412,0,0,1.9282,0.01751,Medium
39.9365,1.69827,56.34779,0,0.36234,1.63803,0.0142,Medium
77.06045,4.729,17.64109,0,0,0.56946,0,Very High
83.13768,1.45742,7.16727,2.44747,0,5.79016,0,Low
51.76043,12.67444,31.4494,0,3.84443,0.27129,0,Very High
82.98056,8.46003,7.70787,0,0.00572,0.8272,0.0085,Medium
44.89635,21.14279,31.82324,0,0,2.13763,0,Very High
23.77709,0.32381,73.80301,0.03704,0.81327,1.24289,0.00288,Medium
80.36671,3.02352,13.1929,0,0,3.38358,0.03329,Medium
29.30271,0.01936,70.47069,0,0,0.1551,0.05214,Medium
13.01683,0.17423,52.7177,0.00893,0,30.82454,0,Medium
56.56864,28.47997,11.93972,0,0,3.01167,0,Very High
72.44144,1.9804,5.5786,0.12892,0,3.14115,0,Low
39.20065,2.03006,54.34954,0,1.1771,3.24176,0.00089,High
40.41519,38.30855,20.22761,0,0.10023,0.94244,0,Very High
42.36966,3.66772,47.11909,0.00327,5.37463,1.46563,0,High
42.21198,1.56947,35.2053,0,0.40014,20.57833,0.02977,High
61.44928,6.71117,29.80369,0.95101,0.02836,1.02618,0,Medium
18.62288,6.49603,18.69886,1.27399,0,54.90823,0,Low
66.29801,10.487,21.47354,0.43686,0.73499,0.44241,0.1272,Very High
12.87344,0.17702,85.95448,0,0.21683,0.77822,0,Medium
23.49709,5.33793,67.10368,0,0.53525,2.90266,0.6211,Medium
42.37584,0.56304,30.59498,2.00447,23.55093,0.90539,0,High
30.53275,2.66472,58.0033,0,8.53851,0.25887,4.00E-04,Medium
62.32498,2.24573,30.2994,2.54813,0.12948,2.39681,0.00395,Medium
10.44868,0.12594,88.80212,0,0,0.62326,0,Medium
52.82942,4.26207,31.18984,0,0,11.71868,0,Medium
21.14853,56.90759,19.58983,0,0,2.29617,0,Low
40.18793,1.06716,51.23593,0.59172,2.09649,2.88156,1.38539,Medium
89.19379,10.48417,0,0,0.02127,0.30077,0,Medium
67.54408,0.1958,30.23842,0,0,2.0217,0,Medium
68.01971,8.52802,21.84524,0,0.63004,0.97699,0,Medium
63.6369,30.03102,6.25117,0,0,0.07139,0,Very High
83.33423,0.10263,12.23175,0,0,4.33138,0,Low
60.64476,6.49684,27.47026,4.08842,0.44571,0.70965,0.13895,Very High
7.18364,0.94919,88.39408,0.00574,0,3.45725,0.00895,Medium
69.03509,11.95481,17.3425,0,1.17057,0.49704,0,Very High
25.40135,0.28201,69.56271,0,0,1.79985,0.71217,Medium
37.2074,2.4839,59.84152,0,0,0.46717,0,Very High
60.04855,15.62869,21.80039,0.67689,0.59241,1.19265,0.06006,Medium
55.82933,4.45585,26.08388,0,8.41186,5.19447,0,High
15.15582,4.38981,36.01287,0,25.32844,1.51148,17.57746,Low
69.90439,12.71147,14.94496,1.4038,0.05856,0.9689,0,Medium
70.8609,4.06053,24.20124,0.01285,0.00846,0.84478,0.01124,Medium
80.92379,12.09631,5.25908,1.14377,0.44113,0.12762,0,Very High
69.64373,9.29301,19.79724,0,0.9192,0.34191,0,Very High
72.51944,22.51198,4.67358,0,0,0.29273,0,Very High
71.17779,5.14824,19.5347,0,0,4.01347,0.1258,Medium
83.17582,2.48495,11.89713,0.83884,0.01084,1.59242,0,Medium
44.80583,8.31401,44.9269,0,0,1.95326,0,High
76.65936,9.31116,10.16676,0,0.06655,3.7054,0,Low
58.76072,4.26023,5.09429,0.4458,0,31.37337,0,Low
43.12751,0.13975,54.14023,0,0.16327,2.42765,0,Medium
57.49958,28.71202,12.64837,0.22305,0.68569,0.23129,0,Very High
65.53636,6.44758,27.23884,0,0.09882,0.405,0.27339,Very High
58.89731,4.46337,31.6663,0,3.78223,1.15031,0.04048,Very High
52.15548,23.52125,21.01918,2.38793,0.41106,0.5051,0,Very High
81.33727,2.57047,14.8434,0,0.00846,1.23558,0,Medium
71.0667,13.84561,14.22098,0.48853,0,0.37817,0,Very High
83.70121,1.60815,12.55553,0,1.04375,1.08546,0,Medium
88.36778,2.49539,0.22142,0,5.41522,2.66174,0.83467,Very High
55.92927,36.60328,7.26615,0,0,0.2013,0,Very High
34.75011,0.24276,64.99237,0,0,0.01476,0,Medium
60.94433,4.0519,29.71218,0,0,5.29123,0,Medium
14.84075,0.16755,83.63257,0,0,1.35752,0,Medium
6.03786,0.23804,93.66497,0,0,0.05913,0,Medium
85.23828,1.4627,5.12653,0.11582,0.60117,6.92762,0,Low
46.55602,0.08891,51.49433,0,0.25484,1.60242,0,Medium
39.56976,0.10323,55.31244,0,0,4.85675,0.15517,Medium
30.99828,28.67639,29.94727,0,7.47267,2.88914,0.00714,Low
59.21674,17.72968,21.69972,0.76868,0.04477,0.52311,0.0173,Very High
16.67999,0.15101,82.71591,0,0,0.45309,0,Medium
87.67483,0.96471,10.01777,0,0,1.33678,0,Low
52.49651,3.51787,43.36275,0,0,0.62287,0,Very High
57.43325,29.43778,11.43869,0,0,1.65077,0.00388,Medium
61.13438,26.64583,10.43876,1.28826,0.00461,0.2546,0.23355,Very High
37.26697,30.51231,31.8355,0,0,0.38522,0,Very High
82.18374,2.7326,8.95753,0.00748,0.00428,0.80936,5.30251,Medium
5.19022,0.11541,94.3976,0.00276,0.00594,0.28808,0,Medium
6.63759,0.15489,88.79489,0,0,4.41102,0.00161,Medium
64.08707,4.08072,10.12361,10.67547,0.82032,2.92373,7.27883,Medium
28.77671,41.12357,28.83231,0,0,0.92077,0.34664,Very High
75.14062,18.49542,1.35252,0,4.98152,0.00046,0.02946,Very High
69.36271,7.07378,21.4844,0,0.87865,1.09461,0,Medium
60.45403,1.22649,34.6908,1.23904,0.90597,1.47201,0,Medium
48.93915,18.39328,1.84906,0.41621,0,29.88651,0.04196,Low
74.59702,10.30809,14.43638,0.15763,0,0.36247,0.13842,Very High
71.6745,11.45674,16.42183,0,0,0.22819,0.21874,Very High
43.154,0.67587,7.80491,0,47.65433,0.70377,0.0031,Medium
60.38003,1.9956,35.2055,0,1.16323,1.06426,0.16999,Very High
15.80921,0.06009,82.43181,0,0.32003,1.12785,0.11546,Medium
56.53421,13.53437,26.40101,0,3.08158,0.36602,0.08281,Very High
74.73315,12.50957,6.60453,5.37078,0,0.77247,0,Very High
79.69508,1.58847,12.28782,0,4.67521,1.75342,0,Medium
69.49814,6.13933,17.64481,0,6.70528,0.01245,0,Very High
7.46104,90.17301,2.20655,0,0,0,0.1594,Very High
39.89395,0.18215,54.79233,0,2.46478,2.66679,0,Medium
43.61491,25.09428,13.40143,0,0.00777,17.15233,0.72929,Low
54.1927409,1.0012516,11.2432207,2.2423863,1.2932833,28.8589904,0,Medium
58.48559,8.15447,32.11224,0,0,1.2477,0,Very High
45.53231,8.3815,32.31475,0,1.25284,11.46243,1.05618,Low
25.75549,14.50894,48.02402,0,0.0719,11.621,0.01866,Medium
67.52936,6.72916,20.40836,4.70634,0.37543,0.25135,0,Very High
5.59309,0.042,91.07961,0,0.30185,2.98345,0,Medium
46.16588,46.57717,6.66276,0,0,0.59419,0,Very High
73.50474,7.32154,5.76808,12.72793,0.10246,0.57524,0,Very High
11.25835,5.68772,80.92816,0,0.0011,1.86804,0.25663,High
65.97886,22.18899,11.70198,0,0,0.11538,0,Very High
11.86806,6.90377,71.2782,0,2.99417,6.9558,0,Medium
57.75897,3.17858,33.93831,0,4.47655,0.29935,0.34823,Very High
25.91981,0.8172,72.58667,0,0,0.67632,0,High
73.9261,2.11401,11.75115,8.6463,2.64706,0.88704,0,Medium
95.4560531,0.4975124,3.0182421,0,0,0.199005,0,Medium
58.62835,13.99021,21.94438,1.68401,3.37695,0.37611,0,Very High
18.29223,0.24367,79.32906,0.01104,0,1.27982,0.83478,Medium
26.12,0.16862,71.274,0,0,1.34433,0,Medium
45.22979,10.99648,11.32365,0,0,32.44682,0.00327,Very High
52.0529,9.09395,38.26477,0,0,0.58839,0,Very High
80.73234,12.92253,6.14069,0,0,0.20444,0,Very High
75.68955,17.10536,3.59563,2.85267,0,0.75679,0,Very High
75.58085,8.37326,14.77027,0,0.74073,0.25234,0.28256,Very High
60.93274,2.66057,32.76509,0.02886,0,3.58004,0.02513,Low
11.53644,0.67792,75.97302,0,4.69574,6.99285,0,Medium
